complex_id,index
2.0_M_amet_c+M_uppg3_c,15
M_ni2_e,2850
M_ac_c+M_atp_c+M_coa_c,754
M_ggbutal_c+M_h2o_c+M_nadp_c,2094
M_adp_c+M_cpgn_c+M_h_c+M_pi_c,880
M_egmeACP_c+M_h_c+M_nadph_c,1887
M_atp_c+M_coa_c+M_h_p+M_hdcea_p,1308
M_amp_c+M_gdptp_c+M_h_c,1165
M_3hhcoa_c,515
M_2agpg141_c+M_h2o_c,340
M_amp_c+M_h_c+M_ppi_c+M_stcoa_c,1179
M_adp_c+M_cbl1_c+M_h_c+M_pi_c,868
M_adp_c+M_cu2_p+M_h_c+M_pi_c,886
M_atp_c+M_feoxam_p+M_h2o_c,1353
M_h2o_c+M_succoa_c+M_thdp_c,2364
M_glyc3p_p+M_h_p+M_ocdcea_p,2194
M_kdo2lipid4p_c+M_myrsACP_c,2714
M_micit_c,2762
M_asp_DASH_L_c+M_atp_c+M_citr_DASH_L_c,1273
M_enter_e+M_fe3_e,1893
M_mg2_c,2759
M_h2o_c+2.0_M_nad_c+M_udpg_c,2279
M_2dmmql8_c+M_nadp_c,395
M_feoxam_e,1988
M_prpp_c+M_ura_c,2924
M_h_c+M_hpyr_c+M_nadh_c,2456
M_co2_c+M_lys_DASH_L_c,1633
M_succ_p,2962
M_fe3_e+M_fe3hox_DASH_un_e,1962
M_gdptp_c+M_h2o_c,2088
2.0_M_fe2_c+2.0_M_feoxam_DASH_un_c+M_fmn_c+2.0_M_h_c,45
M_h_c+M_iasp_c+M_q8h2_c,2460
M_23dhmb_c,279
M_akg_c+M_ptrc_c,1081
M_3hcddec5eACP_c+M_nadp_c,500
M_adp_c+M_h_c+M_orn_c+M_pi_c,962
M_ac_p,766
M_2ohph_c,443
M_adp_c+M_cys_DASH_L_p+M_h_c+M_pi_c,888
M_adprib_c+M_h_c+M_ncam_c,1047
M_h_c+M_thymd_c,2584
M_atp_c+M_gln_DASH_L_c+M_h2o_c+M_xmp_c,1368
2.0_M_adp_c+M_cbp_c+M_glu_DASH_L_c+2.0_M_h_c+M_pi_c,9
M_2h3oppan_c+M_h_c+M_nadh_c,412
M_3hmrsACP_c,521
M_5fthf_c+M_h_c,658
M_glc_DASH_D_p+M_h_p,2108
M_h2o_p+M_pg161_p,2432
M_h2o_c+M_tre6p_c,2382
M_epmeACP_c+M_h2o_c,1897
M_acald_p,778
M_coa_c+M_h_c+M_hxa_c,1665
M_gdp_c+M_trdrd_c,2085
2.0_M_5aop_c,5
2.0_M_fe2_c+2.0_M_feoxam_DASH_un_c+2.0_M_h_c+M_ribflv_c,44
M_acmum6p_c+M_h2o_c,821
M_h_p+M_thymd_p,2645
M_12dgr181_c+M_atp_c,182
0.000223_M_10fthf_c+0.000223_M_2dmmql8_c+2.5e-5_M_2fe2s_c+0.000248_M_4fe4s_c+0.000223_M_5mthf_c+0.000279_M_accoa_c+0.000223_M_adocbl_c+0.499149_M_ala_DASH_L_c+0.000223_M_amet_c+0.28742_M_arg_DASH_L_c+0.234232_M_asn_DASH_L_c+0.234232_M_asp_DASH_L_c+54.119975_M_atp_c+0.000116_M_bmocogdp_c+2.0e-6_M_btn_c+0.004952_M_ca2_c+0.000223_M_chor_c+0.004952_M_cl_c+0.002944_M_clpn160_p+0.00229_M_clpn161_p+0.00118_M_clpn181_p+0.000168_M_coa_c+2.4e-5_M_cobalt2_c+0.008151_M_colipa_e+0.129799_M_ctp_c+0.000674_M_cu2_c+0.088988_M_cys_DASH_L_c+0.024805_M_datp_c+0.025612_M_dctp_c+0.025612_M_dgtp_c+0.024805_M_dttp_c+0.000223_M_enter_c+0.000223_M_fad_c+0.006388_M_fe2_c+0.007428_M_fe3_c+0.255712_M_gln_DASH_L_c+0.255712_M_glu_DASH_L_c+0.595297_M_gly_c+0.154187_M_glycogen_c+0.000223_M_gthrd_c+0.209121_M_gtp_c+48.752916_M_h2o_c+0.000223_M_hemeO_c+0.092056_M_his_DASH_L_c+0.282306_M_ile_DASH_L_c+0.18569_M_k_c+0.437778_M_leu_DASH_L_c+3.0e-6_M_lipopb_c+0.333448_M_lys_DASH_L_c+3.1e-5_M_malcoa_c+0.149336_M_met_DASH_L_c+0.008253_M_mg2_c+0.000223_M_mlthf_c+0.000658_M_mn2_c+7.0e-6_M_mobd_c+7.0e-6_M_mococdp_c+7.0e-6_M_mocogdp_c+0.000223_M_mql8_c+0.001345_M_murein3p3p_p+0.000605_M_murein3px4p_p+0.005381_M_murein4p4p_p+0.005448_M_murein4px4p_p+0.000673_M_murein4px4px4p_p+0.001787_M_nad_c+4.5e-5_M_nadh_c+0.000112_M_nadp_c+0.000335_M_nadph_c+0.012379_M_nh4_c+0.000307_M_ni2_c+0.012366_M_pe160_c+0.031798_M_pe160_p+0.009618_M_pe161_c+0.024732_M_pe161_p+0.004957_M_pe181_c+0.012747_M_pe181_p+0.005707_M_pg160_c+0.004892_M_pg160_p+0.004439_M_pg161_c+0.003805_M_pg161_p+0.002288_M_pg181_c+0.001961_M_pg181_p+0.180021_M_phe_DASH_L_c+0.000223_M_pheme_c+0.214798_M_pro_DASH_L_c+0.03327_M_ptrc_c+0.000223_M_pydx5p_c+0.000223_M_q8h2_c+0.000223_M_ribflv_c+0.209684_M_ser_DASH_L_c+0.000223_M_sheme_c+0.004126_M_so4_c+0.006744_M_spmd_c+9.8e-5_M_succoa_c+0.000223_M_thf_c+0.000223_M_thmpp_c+0.246506_M_thr_DASH_L_c+0.055234_M_trp_DASH_L_c+0.133993_M_tyr_DASH_L_c+5.5e-5_M_udcpdp_c+0.140101_M_utp_c+0.411184_M_val_DASH_L_c+0.000324_M_zn2_c,0
M_adp_c+M_ppi_c,1030
M_3psme_c,596
M_h2o_p+M_pe180_p,2426
M_h_p+M_hxa_p,2601
M_asp_DASH_L_c+M_fum_c,1277
M_23ddhb_c+M_pyr_c,271
M_co2_c+M_nadph_c+M_pyr_c,1638
M_2agpg160_c+M_atp_c+M_hdca_c,344
M_atp_c+M_r15bp_c,1473
M_4abutn_c+M_glu_DASH_L_c,608
M_10fthf_c+M_udpLa4n_c,149
M_hxa_p,2679
M_coa_c+M_h_c+M_hdca_c,1663
M_h_c+M_pi_c+M_ppi_c,2556
M_ahcys_c+M_h2o_c,1055
M_glu_DASH_L_c+M_udpLa4o_c,2141
M_fad_c+M_sufbcd_DASH_4fe4s_c,1931
M_15dap_c+M_h_p+M_lys_DASH_L_p,199
M_1agpe161_p+M_h_p+M_hdcea_p,212
M_adp_c+M_h_c+M_pa161_p+M_pi_c,972
M_acgam6p_c+M_lac_DASH_D_c,813
M_nadp_c+M_palmACP_c,2826
M_2ddecg3p_p,376
M_accoa_c+M_h2o_c+M_oaa_c,792
M_glyc3p_c+M_tdeACP_c,2185
M_g3pe_p+M_h_p+M_ttdca_p,2048
M_glyc3p_p+M_glyc_p+M_h_p,2190
M_ddca_c+M_g3pg_c+M_h_c,1785
M_h2o_c+M_ipdp_c+M_nad_c,2297
M_butACP_c+M_nadp_c,1498
M_12ppd_DASH_S_c+M_nad_c,192
M_atp_c+M_h2o_c+M_pa141_c,1412
M_adp_c+M_g3pe_c+M_h_c+M_pi_c,917
3.0_M_h_p+M_mql8_c+M_nad_c,123
M_gdp_c+M_h_c+M_pi_c,2082
M_murein3p3p_p,2786
M_3ocddec5eACP_c+M_ACP_c+M_co2_c,552
M_murein5p5p_p+M_uaagmda_c,2794
M_3otdcoa_c+M_coa_c,588
M_pg161_c+M_pi_c,2883
M_1odecg3p_p+M_h_p+M_ocdca_p,255
M_fgam_c+M_h_c+M_thf_c,1991
M_ckdo_c+M_kdolipid4_c,1572
M_pi_c+M_pydam_c,2894
M_1agpe160_p+M_h2o_p,209
M_h2o_c+M_nadp_c,2317
4.0_M_h_c+M_iscs_c+M_iscu_DASH_2fe2s_c,130
M_acald_e,777
M_1pyr5c_c+M_fadh2_c+M_h_c,258
M_ser_DASH_L_e,2955
M_h2o_c+M_pa141_c,2332
M_12dgr160_c+M_atp_c,166
M_fecrm_e+M_h_p,1978
2.0_M_h_c+M_ocdcea_c+M_pi_c,86
M_5drib_c,656
M_h_c+M_malACP_c+M_ocACP_c,2483
M_udcpp_c,2990
M_23dhbzs_c+M_h2o_c,276
M_35cgmp_c+M_h2o_c,479
M_glu_DASH_L_c+M_succ_c,2138
4.0_M_h_c+M_nadh_c+M_q8_c,134
M_h_c+2.0_M_pi_c,2448
M_1tdec7eg3p_c+M_tdeACP_c,262
M_3mob_c+M_h2o_c,548
M_2h3oppan_c+M_co2_c,411
M_dhpmp_c+M_h_c+M_ppi_c,1826
M_LalaDgluMdap_p+M_ala_DASH_D_p,738
M_dhap_c+M_h_c+M_nadph_c,1811
M_aspsa_c+M_pyr_c,1293
M_5mtr_c+M_ade_c,663
M_accoa_c+M_h_c+M_malACP_c,793
M_3oodcoa_c+M_coa_c,582
M_3ohdcoa_c+M_h_c+M_nadh_c,571
M_g6p_c+M_glc_DASH_D_c,2067
M_2hdecg3p_p,419
M_atp_c+M_gmhep7p_c,1381
M_gmp_c+M_h_c,2230
M_h2o_c+M_tdec2eACP_c,2374
M_3hodcoa_c+M_nad_c,532
M_but2eACP_c+M_h2o_c,1493
M_ala_DASH_D_c+M_h_c,1096
M_atp_c+M_h2o_c,1389
M_lipidX_c+M_u23ga_c,2734
M_nadp_c+M_ocdcaACP_c,2824
M_3mop_c+M_h2o_c,551
M_fe2_c+M_h_p,1954
M_agm_c+M_h2o_c,1050
M_h_p+M_melib_c,2616
M_3odecACP_c+M_ACP_c+M_co2_c,566
M_adp_c+M_thmpp_c,1033
M_ac_c+M_co2_c+M_q8h2_c,755
M_h_p+M_lys_DASH_L_p,2614
M_3hocoa_c,525
M_glu_DASH_L_c+M_h_c+M_nadh_c,2128
M_ACP_c+M_pa120_c,710
M_cdpdddecg_c+M_glyc3p_c,1528
M_cd2_p+M_h_c,1519
M_2shchc_c+M_pyr_c,468
M_atp_c+M_eca4colipa_p+M_h2o_c,1343
M_nad_c+M_ocACP_c,2805
M_pi_c+M_pydx_c,2895
M_cobalt2_p+M_h_c,1683
M_dhnpt_c,1819
M_h_c+M_ppi_c+M_ump_c,2562
M_atp_c+M_h2o_c+M_pgp141_c,1433
3.0_M_h_c+M_mal_DASH_L_c,118
M_LalaDgluMdapDala_e,725
M_f6p_c+M_g3p_c,1911
M_h2o_p+M_pe161_p,2425
M_3hocoa_c+M_nad_c,526
M_ACP_c+M_atp_c+M_hdca_c,683
M_adp_c+M_fad_c+7.0_M_h_c+M_pi_c+M_sufbcd_DASH_2fe2s2_c+2.0_M_sufse_c,905
M_adp_c+M_h_c+M_man6p_c,956
M_1odecg3p_c+M_h_c+M_pi_c,252
M_zn2_p,3014
M_pg140_p+M_pi_p,2878
M_2dhp_c+M_thf_c,381
M_acald_c+M_h2o_c+M_nad_c,773
M_2obut_c+M_nh4_c,434
M_adp_c+M_crn_c+M_h_c+M_pi_c,882
M_coa_c+M_h_c+M_ocdca_c,1667
M_fad_c+2.0_M_fe2_c+2.0_M_fecrm_DASH_un_c+2.0_M_h_c,1917
M_h_p+M_ni2_c,2622
M_3hcddec5eACP_c,499
M_pg160_c+M_pi_c,2881
M_co2_c+M_coa_c+M_ogmeACP_c,1627
M_3mob_c+M_h2o_c+M_mlthf_c,549
M_atp_c+M_colipap_p+M_h2o_c,1320
M_agm_p+M_co2_p,1054
M_idon_DASH_L_p,2694
M_cdpdddecg_c+M_h2o_c,1529
M_3c3hmp_c,485
M_arg_DASH_L_p+M_h_c,1258
M_12dgr141_c+M_atp_c,161
3.0_M_h_c+2.0_M_na1_p,114
M_2hdec9eg3p_c,413
M_gmp_c+2.0_M_h_c+M_man1p_c,2227
M_h2o_c+M_sl26da_c,2361
M_accoa_c+M_ser_DASH_L_c,800
M_atp_c+M_fadh2_c+2.0_M_fe2_c+M_h2o_c+M_sufbcd_c+2.0_M_sufsesh_c,1347
M_1odecg3p_p+M_h2o_p,254
M_12dgr161_c,170
M_glc_DASH_D_c,2099
M_alac_DASH_S_c+M_h_c+M_nadph_c,1134
2.0_M_h_c+M_nadph_c+M_succ_c,84
M_cddec5eACP_c+M_nad_c,1521
M_h_c+M_octeACP_c+M_pi_c,2549
2.0_M_h_c+M_pi_c+M_ttdcea_c,90
M_h_p+M_na1_c,2621
M_air_c+M_atp_c+M_hco3_c,1064
M_glyc3p_p+M_h_p+M_hdca_p,2191
2.0_M_h_c+M_nadh_c+M_succ_c,82
M_coa_c+M_h_c+M_ocdcea_c,1668
M_2fe1s_c+M_btn_c+M_dad_DASH_5_c+M_h_c+M_met_DASH_L_c,404
M_cmp_c+2.0_M_h_c+M_pa181_c,1602
M_co2_c+M_nadh_c+M_succoa_c,1636
M_h_c+M_lipidAds_c+M_udp_c,2477
M_nh4_c+M_xtp_c,2846
M_ppi_c+M_uacgam_c,2914
M_2oph_c+2.0_M_atp_c+3.0_M_h2o_c+M_nad_c,459
M_atp_c+M_h2o_c+M_pe180_c,1422
M_adp_c+M_fmn_c+M_h_c,915
M_accoa_c+M_btcoa_c,781
2.0_M_h_p+M_mg2_c,95
M_bmocogdp_c+M_ppi_c,1491
M_2odec11eg3p_p+M_ocdcea_p,438
M_5aprbu_c+M_nadp_c,645
M_co2_c+M_nadh_c+M_udpLa4o_c,1637
M_cyst_DASH_L_c+M_h_c+M_succ_c,1735
M_h2o_c+M_nad_c+M_xan_c,2316
M_myrsACP_c+M_nadp_c,2796
M_coa_c+M_ddca_c+M_h_c,1660
M_datp_c+M_h2o_c,1752
M_xan_e,3007
M_atp_c+M_fadh2_c+2.0_M_fe2_c+M_h2o_c+M_sufbcd_DASH_2fe2s_c+2.0_M_sufsesh_c,1346
M_leu_DASH_L_e,2727
M_pi_c+M_rib_DASH_D_c,2897
M_pro_DASH_L_e,2922
M_amp_c+M_h_c+M_ppi_c,1178
M_adp_c+M_h_c+M_pi_c+M_um4p_c,1015
M_csn_c+M_h2o_c+M_h_c,1707
M_hdeACP_c+M_kdo2lipid4_c,2658
M_atp_c+M_h2o_c+M_h_c,1391
M_3ocpalm9eACP_c+M_h_c+M_nadph_c,557
M_adp_c+M_h_c+M_imp_c,944
M_LalaDgluMdap_c+M_ala_DASH_D_c,731
M_adp_c+M_h_c+M_pe181_p+M_pi_c,985
M_2dmmql8_c+M_dhap_c,391
M_g6p_c+M_nadp_c,2069
M_acg5p_c+M_h_c+M_nadph_c,805
M_ade_c+M_rib_DASH_D_c,844
M_gthrd_c+M_mthgxl_c,2245
M_coa_c+M_nad_c+M_pyr_c,1674
M_quin_e,2937
M_asp_DASH_L_c+M_atp_c+M_gln_DASH_L_c+M_h2o_c,1274
M_23ddhb_c+M_nad_c,270
M_3ohexACP_c+M_h_c+M_nadph_c,573
M_15dap_p+M_h_c+M_lys_DASH_L_c,202
M_adphep_DASH_LD_c+M_lipa_c,1044
M_ins_e,2705
M_adp_c+M_asp_DASH_L_c+M_h_c+M_pi_c,867
M_aact_c+M_h2o_c+M_o2_c,747
M_adp_c+M_idp_c,1025
M_atp_c+M_h_c+M_mpt_c,1450
M_cgly_p,1558
M_dcdp_c+M_grxox_c+M_h2o_c,1765
2.0_M_enter_c+2.0_M_fe2_c+M_fmn_c+2.0_M_h_c,38
2.0_M_h_p+M_na1_c,96
M_glyc3p_c+2.0_M_h_c+M_hdcea_c,2165
M_adp_c+M_ppap_c,1029
M_h_p+M_melib_p,2617
M_mal_DASH_L_c+M_nad_c,2739
M_ade_c+M_r5p_c,842
M_cmp_c+2.0_M_h_c+M_pa160_c,1599
M_h_p+M_mn2_c,2619
M_LalaDgluMdapDala_p+M_atp_c+M_h2o_c,728
M_atp_c+M_cys_DASH_L_c+M_glu_DASH_L_c,1326
M_2ddg6p_c+M_h2o_c,379
M_ade_c+M_r1p_c,841
M_clpn161_p+M_glyc_p,1586
M_etha_c+M_h_c,1901
M_fum_c+M_mql8_c,2015
2.0_M_arbtn_DASH_fe3_c+M_fadh2_c,18
M_cit_p+M_h_c,1569
M_h2o_p+M_pgp141_p,2437
M_h_c+M_k_c,2468
M_atp_c+M_coa_c+M_h_p+M_ttdca_p,1312
M_ACP_c+M_pa160_c,713
M_cdpdodecg_c+M_ser_DASH_L_c,1547
M_5mtr_c+M_h_c,664
M_1agpe160_p+M_h_p+M_hdca_p,210
M_atp_c+M_h2o_c+M_pro_DASH_L_p,1440
M_adp_c+M_feoxam_c+M_h_c+M_pi_c,913
M_fmn_c+M_h_c+M_nadh_c,1992
M_h2o_c+M_pgp120_c,2341
M_3ohexACP_c+M_ACP_c+M_co2_c,572
M_frdp_c+8.0_M_ipdp_c,2009
M_adp_c+M_fe2_c+M_h_c+M_pi_c,908
M_cmp_c+M_h_c+M_ps181_c,1622
M_amp_c+M_atp_c,1158
M_ctp_c+M_h_c+M_pa161_c,1719
M_h_p+M_ura_p,2649
M_h_p+M_pi_p+M_udcpp_p,2633
M_atp_c+M_h2o_c+M_pe120_c,1417
M_ttrcyc_p,2978
M_adp_c+M_h_c+M_pa140_p+M_pi_c,966
M_h_c+M_ins_c,2467
M_hxa_e,2678
M_h_c+M_na1_p,2501
M_adp_c+M_nicrnt_c+M_pi_c+M_ppi_c,1026
M_nad_c+M_urdglyc_c,2820
M_2fe1s_c+M_iscssh_c+M_iscu_c,405
M_hgmeACP_c+M_nadp_c,2665
M_mththf_c,2785
M_r5p_c,2942
M_4abut_p+M_glu_DASH_L_c,606
M_msa_c+M_nh4_c,2783
M_orn_e,2863
M_aspsa_c+M_nadp_c+M_pi_c,1292
M_amp_c+M_h_c+M_ppgpp_c,1177
M_clpn161_p+M_h2o_p,1587
M_atp_c+M_coa_c+M_h_p+M_ocdca_p,1310
M_gagicolipa_c+M_udpg_c,2073
M_anhgm3p_c+M_h_c,1211
M_cdec3eACP_c+M_h_c+M_malACP_c,1524
M_LalaDgluMdapDala_c+M_atp_c+M_uamr_c,723
M_atp_c+M_ins_c,1459
M_g6p_c,2066
M_3hcmrs7eACP_c+M_nadp_c,502
M_h_c+M_malACP_c+M_myrsACP_c,2482
M_adp_c+M_h_c+M_ni2_c+M_pi_c,960
M_h_c+M_murein5p5p5p_p+M_udcpdp_c,2499
M_h2o_c+M_sucglu_c,2365
3.0_M_h_p+M_nad_c+M_q8h2_c,124
M_amp_c+M_fum_c,1164
M_aicar_c+M_fum_c,1063
M_butACP_c+M_h_c+M_malACP_c,1496
M_h_p+M_rfamp_p,2637
M_g1p_c+M_h_c+M_utp_c,2023
M_2odecg3p_p+M_ocdca_p,442
M_adp_c+M_h_c+M_pi_c+M_ptrc_c,1007
M_atp_c+M_h2o_c+3.0_M_h_c,1390
M_dha_c+M_h_c+M_nadh_c,1804
M_2agpe181_p,326
M_h_c+M_ttrcyc_e,2587
M_1agpg160_p+M_h_p+M_hdca_p,224
M_bglycogen_c+M_pi_c,1487
M_din_c+M_nh4_c,1832
M_cmp_c+2.0_M_h_c+M_pa180_c,1601
M_q8_c+M_succ_c,2935
M_1odec11eg3p_c+M_h_c+M_pi_c,247
M_ade_p+M_h_p,847
M_adp_c+M_h_c+M_pheme_p+M_pi_c,1001
M_gg4abut_c+M_h2o_c,2090
2.0_M_ala_DASH_D_p+M_murein5px4px4p_p,13
M_dhptd_c,1828
M_ddcacoa_c+M_fad_c,1790
M_adp_c+M_cobalt2_p+M_h_c+M_pi_c,875
M_adp_c+M_ggptrc_c+M_h_c+M_pi_c,922
M_h2o_c+M_nad_c+M_sucgsa_c,2314
M_dhf_c+M_h_c+M_nadph_c,1817
M_h2o_c+M_nad_c+M_sucsal_c,2315
M_cdpdhdecg_c+M_ser_DASH_L_c,1539
M_5apru_c+M_nh4_c,647
M_mincyc_p,2764
M_adp_c+M_h_c+M_ile_DASH_L_c+M_pi_c,943
M_h_c+M_ps120_c,2565
M_h_c+M_nadh_c+M_t3c5ddeceACP_c,2512
M_gly_p,2157
M_cys_DASH_L_c+M_h2o_c,1728
M_dha_c+M_g3p_c,1803
M_cmp_c+M_h_c+M_ps120_c,1616
M_2agpe180_c+M_h2o_c,320
M_h2o_c+M_ump_c,2392
M_ac_p+M_na1_p,768
M_ddcaACP_c+M_h2o_c,1777
M_ametam_c+M_co2_c,1148
M_h_p+M_mal_DASH_L_c,2615
M_h2o_c+M_mthgxl_c,2311
M_4ppcys_c+M_cmp_c+M_h_c+M_ppi_c,636
M_3hodcoa_c,531
M_co2_c+M_ump_c,1653
2.0_M_4fe4s_c+M_h2o2_c+2.0_M_h_c,4
M_glu1sa_c+M_nadp_c+M_trnaglu_c,2120
M_pg180_p+M_pi_p,2886
M_acg5p_c+M_adp_c,804
M_e4p_c+M_f6p_c,1875
M_gly_e,2156
M_4abz_c+M_h_c+M_pyr_c,611
M_h2o_c+M_ins_c,2296
M_ACP_c+M_kdo2lipid4p_c,703
M_alaala_p+M_atp_c+M_h2o_c,1128
M_cdpdhdecg_c+M_ppi_c,1538
M_ac_p+M_h_p,767
M_glycogen_c+M_pi_c,2221
M_cdpdodec11eg_c+M_ser_DASH_L_c,1543
M_atp_c+M_h2o_c+M_kdo2lipid4_c,1395
M_glyald_c+M_h_c+M_nadh_c,2161
M_f6p_c,1910
M_etha_p+M_glyc3p_p+M_h_p,1904
M_chor_c+M_pi_c,1562
M_h2o2_c+M_mthgxl_c+M_nh4_c,2269
2.0_M_gthrd_c+M_h2o2_c,62
M_ddca_p+M_g3pg_p+M_h_p,1788
M_gln_DASH_L_c+M_prlp_c,2118
M_agm_c+M_co2_c,1049
M_indole_c+M_ser_DASH_L_c,2700
M_uri_p,3003
M_LalaDgluMdap_p+M_atp_c+M_h2o_c,740
M_glc_DASH_D_p+M_pep_c,2109
M_cdpdodecg_c+M_glyc3p_c,1544
M_atp_c+M_cbl1_p+M_h2o_c,1299
2.0_M_h_p+M_succ_p,98
M_glx_c+M_q8h2_c,2150
M_fadh2_c+2.0_M_fecrm_c,1937
2.0_M_arbtn_DASH_fe3_c+M_rbflvrd_c,20
M_fum_c+M_h2o_c,2014
M_r1p_c+M_xan_c,2941
M_4mpetz_c+M_amp_c+M_co2_c+2.0_M_h2o_c+M_iscs_c+M_nadp_c+M_ppi_c,629
M_h_c+M_xan_c,2594
M_glu_DASH_L_e,2142
M_2agpe160_p,311
M_h2o_c+M_ppi_c,2352
M_atp_c+M_g1p_c+M_h_c,1360
M_akg_c+M_gln_DASH_L_c+M_h_c+M_nadph_c,1071
M_accoa_c+M_for_c,787
M_co2_p+M_h_p+M_q8h2_c,1657
M_alaala_p,1127
M_g1p_c+M_maltpt_c,2025
M_amp_c+M_octapb_c+M_ppi_c,1189
M_h_p+M_thr_DASH_L_p,2643
M_man6p_c,2749
M_h_c+M_lcts_p,2475
M_2me4p_c+M_nadp_c,429
M_anhgm_e,1222
M_ala_DASH_D_p+M_murein4px4p_p,1106
M_murein4p3p_p,2787
M_coa_c+M_h_c+M_octa_c,1669
M_gln_DASH_L_c+M_h2o_c,2116
2.0_M_cpgn_DASH_un_c+2.0_M_fe2_c+M_fmn_c+2.0_M_h_c,31
M_uLa4fn_c+M_udp_c,2981
M_1agpe141_p+M_h2o_p,207
M_fe3hox_DASH_un_p+M_h_c,1968
M_h2o_p+M_pe141_p,2423
M_atp_c+M_for_c+M_thf_c,1357
M_2obut_c+M_h_c+M_pyr_c,433
M_meoh_e,2754
M_2agpe161_c+M_atp_c+M_hdcea_c,314
M_accoa_c+M_co2_c+M_nadh_c,783
M_h_c+M_hpyr_c+M_nadph_c,2457
M_h2o_p+M_pgp120_p,2435
M_pyr_p,2934
M_frdp_c+M_h2o_c+M_pheme_c,2010
M_glyald_c,2160
M_2odec11eg3p_c+M_h2o_c,436
M_fusa_p,2020
M_val_DASH_L_e,3004
2.0_M_cpgn_DASH_un_c+M_fad_c+2.0_M_fe2_c+2.0_M_h_c,32
M_3hcmrs7eACP_c,501
M_arbtn_p+M_h_c,1248
M_malthp_c+M_pi_c,2745
M_lgt_DASH_S_c,2729
M_2agpg180_c+M_h2o_c,355
M_glc_DASH_D_c+M_h_c,2100
M_h_c+M_nadh_c+M_thex2eACP_c,2517
M_g3pe_c+M_h_c+M_ttdca_c,2039
M_g3pg_c+M_h_c+M_ttdca_c,2055
M_h2o_e,2400
M_2dr1p_c+M_ura_c,401
M_ACP_c+M_pa180_c,715
M_12dgr161_c+M_pi_c,172
M_fru_c,2012
M_25drapp_c+M_h2o_c+M_h_c,286
M_glyc3p_c+M_ttdcap_c,2186
M_h2o_c+M_lald_DASH_L_c+M_nad_c,2300
M_adp_c+M_gmp_c+M_h_c,932
M_ala_DASH_L_c+M_glu_DASH_L_c,1112
M_glyc3p_c+M_ocdcaACP_c,2178
M_12dgr181_p,184
M_2tdec7eg3p_c+M_h2o_c,470
M_atp_c+M_h2o_c+M_pa140_c,1411
M_alltt_c+M_h_c,1142
M_atp_c+M_dpcoa_c,1338
M_fe3hox_DASH_un_p+M_h_p,1969
M_dscl_c+M_nad_c,1846
M_fad_c+M_hxcoa_c,1924
M_h2o_c+M_ocACP_c,2324
M_glu_DASH_L_c+M_ohpb_c,2133
M_2agpe141_p,306
M_ac_c+M_h_c,759
M_fe3_e+M_feoxam_DASH_un_e,1964
2.0_M_anhgm3p_p,16
M_adp_c+M_h_c+M_hphhlipa_c,942
M_h_c+M_pyr_c,2573
M_1odec11eg3p_p+M_h_p+M_ocdcea_p,250
M_2omhmbl_c+2.0_M_adp_c+3.0_M_h_c+M_nadh_c+2.0_M_pi_c,450
M_2agpe120_p+M_ddca_p+M_h_p,297
M_3mob_c+M_ala_DASH_L_c,546
M_adp_c+M_h_c+M_paps_c,977
2.0_M_fe2_c+2.0_M_fecrm_DASH_un_c+2.0_M_h_c+M_ribflv_c,42
M_atp_c+M_h2o_c+M_ptrc_p,1441
M_fad_c+M_occoa_c,1926
M_gagicolipa_c+M_h_c+M_udp_c,2072
M_tyr_DASH_L_e,2979
M_akg_p+M_h_p,1089
M_ahcys_c+M_h_c+M_q8h2_c,1058
M_cpppg3_c+2.0_M_h_c+M_o2_c,1700
2.0_M_h_c+M_murein5p5p_p+2.0_M_udcpdp_c,79
M_pg141_c+M_pi_c,2879
M_orn_p+M_ptrc_c,2865
2.0_M_fe2_c+2.0_M_fecrm_DASH_un_c+M_fmn_c+2.0_M_h_c,43
M_h2o_c+M_hxan_c+M_nad_c,2290
M_nh4_c+M_nicrnt_c,2841
M_amp_c+M_octeACP_c+M_ppi_c,1190
M_3ophb_c+M_ppi_c,587
M_1agpe140_p+M_h_p+M_ttdca_p,206
M_2agpe141_c+M_atp_c+M_ttdcea_c,304
M_adp_c+M_fdp_c+M_h_c,907
M_h_p+M_mincyc_p,2618
M_3oddecACP_c+M_h_c+M_nadph_c,565
M_3c2hmp_c+M_nad_c,484
M_glyclt_p+M_h_p,2218
2.0_M_accoa_c,6
M_h_c+M_nadph_c+M_ogmeACP_c,2525
M_amp_c+M_h_c+M_prpp_c,1182
M_4crsol_c+M_dad_DASH_5_c+M_dhgly_c+M_h_c+M_met_DASH_L_c+M_nadp_c,620
M_atp_c+M_coa_c+M_h_p+M_ocdcea_p,1311
M_h_c+M_mthgxl_c+M_nadh_c,2497
M_b2coa_c+M_fadh2_c,1484
M_feenter_e+M_h_p,1982
M_uacmam_c,2987
M_adp_c+M_utp_c,1036
M_2pg_c+M_adp_c+M_h_c,464
M_dmpp_c+M_h2o_c+M_nad_c,1838
M_4per_c+2.0_M_h_c+M_nadh_c,632
M_gthrd_e,2247
M_ala_DASH_B_c+M_co2_c,1091
M_adp_c+M_h_c+M_kdo2lipid4_p+M_pi_c,947
M_atp_c+M_h2o_c+M_ile_DASH_L_p,1393
M_h2o_c+M_t3c5ddeceACP_c,2367
M_gtp_c+M_h_c+M_moco_c,2254
M_atp_c+M_crn_p+M_h2o_c,1323
M_ppi_c+M_ump_c,2916
M_g1p_c+M_malthx_c,2024
M_na1_p+M_pro_DASH_L_p,2800
M_2dmmql8_c+3.0_M_h_p+M_nad_c,388
M_na1_p+M_thr_DASH_L_p,2802
3.0_M_h_p+M_mal_DASH_L_p,122
M_cu2_c,1723
M_4adcho_c,612
M_3dhsk_c+M_h2o_c,492
M_co2_e,1654
M_2pg_c,463
M_2agpe180_c+M_atp_c+M_ocdca_c,319
M_alaala_p+M_murein5px3p_p,1132
2.0_M_feenter_c+M_rbflvrd_c,51
M_2dmmq8_c+M_h_c+M_nadh_c,385
M_h_c+M_trp_DASH_L_c,2586
M_2agpe160_c+M_h2o_c,310
M_h_p+M_xan_p,2652
M_1agpg161_p+M_h2o_p,225
M_his_DASH_L_e,2666
2.0_M_ala_DASH_D_c+M_atp_c,12
M_2agpe140_c,298
M_2agpg140_c+M_atp_c+M_ttdca_c,334
M_h_c+M_hdeACP_c+M_malACP_c,2451
M_2agpe120_c+M_h2o_c,295
M_pyr_c+M_val_DASH_L_c,2932
M_12dgr181_p+M_enlipa_p,185
M_pyr_c+M_succ_c,2931
2.0_M_pg140_p,100
M_atp_c+M_h2o_c+M_pg180_c,1429
M_lald_DASH_D_c+M_nad_c,2725
M_h_c+M_nadh_c+M_scl_c,2510
M_gmp_c+M_ppi_c,2232
M_h2o_c+M_toctd2eACP_c,2380
M_12dgr161_p+M_enlipa_p,174
M_glu_DASH_L_c+M_nh4_c,2131
M_arbtn_DASH_fe3_p+M_h_c,1244
2.0_M_h2o_c+M_pi_c+M_quln_c,67
M_glyc3p_c+M_pi_p,2183
M_h_c+M_nadph_c+M_t3c7mrseACP_c,2531
M_2p4c2me_c,461
M_co2_c,1623
M_nadp_c+M_rbflvrd_c,2831
M_atp_c+M_h2o_c+M_pg120_c,1424
M_hpmeACP_c+M_nadp_c,2676
M_12dgr180_p,179
M_ac_e,765
M_LalaLglu_c+M_h2o_c,743
M_1hdec9eg3p_c+M_ACP_c,236
M_h2o_c+M_ichor_c,2292
M_ditp_c+M_h2o_c,1834
M_h2o_p+M_murein3px4p_p,2403
M_h_c+M_nadph_c+M_toctd2eACP_c,2538
M_h2o_c+M_maltpt_c,2304
M_ca2_p,1502
M_4ampm_c+M_atp_c,615
M_h_c+M_indole_c,2466
M_hemeO_c+M_ppi_c,2661
M_g3pe_p+M_h_p+M_ocdcea_p,2047
M_coa_c+M_dtdp4aaddg_c+M_h_c,1662
M_cdpdodec11eg_c+M_ppi_c,1542
M_2ddecg3p_c,374
M_3haACP_c,495
M_alaala_e,1126
M_atp_c+M_dadp_c,1329
M_h_c+M_rfamp_e,2574
M_4ampm_c+M_h_c+M_pi_c,616
M_2hdecg3p_p+M_hdca_p,420
M_atp_c+M_h2o_c+M_lys_DASH_L_p,1402
M_fad_c+6.0_M_h_c+2.0_M_iscs_c+M_iscu_DASH_2fe2s_c,1921
2.0_M_h_c+M_succ_c,93
M_h_p+M_val_DASH_L_p,2651
M_fe3hox_DASH_un_c+M_h_p,1966
M_2agpe181_p+M_h_p+M_ocdcea_p,327
M_mal_DASH_L_c+M_q8_c,2742
M_adp_c+M_dtbt_c+3.0_M_h_c+M_pi_c,896
M_zn2_c,3012
M_atp_c+M_h2o_c+M_k_p,1394
M_1tdec7eg3p_c+M_ACP_c,260
M_phe_DASH_L_e,2889
2.0_M_co2_c+2.0_M_h2o_c+M_pppg9_c,29
M_4pasp_c+M_adp_c,630
M_cbl1_e+M_h_p,1510
M_ACP_c+M_ttdcap_c,717
M_g3pe_c+M_h_c+M_hdcea_c,2036
M_h2o_c+M_man6p_c,2305
M_dcaACP_c+M_nad_c,1759
M_12dgr140_c,155
M_his_DASH_L_p,2667
M_orn_c+M_ptrc_p,2862
M_coa_c+M_h_c+M_sucarg_c,1670
M_h_c+M_pi_c+M_udcpp_c,2559
M_2agpg140_c+M_h2o_c,335
M_2dmmql8_c+M_amet_c,389
M_atp_c+M_pydam_c,1469
M_ichor_c,2687
M_mal_DASH_L_e,2743
M_h2o_p+M_pa140_p,2415
M_eca2und_p+M_unagamuf_p,1880
M_gua_c+M_h2o_c+M_h_c,2259
M_amp_c+M_pg161_c+M_ppi_c,1203
M_co2_c+M_pe160_c,1646
M_fecrm_DASH_un_e+M_h_c,1974
M_cdpdhdecg_c+M_h2o_c,1537
M_amp_c+M_glu_DASH_L_c+M_gmp_c+2.0_M_h_c+M_ppi_c,1166
M_anhgm3p_p+M_h_p,1214
M_3hpp_p+M_h_p,539
M_r5p_c+M_xu5p_DASH_D_c,2943
6.0_M_amp_c+M_enter_c+9.0_M_h_c,142
M_g3pe_e,2041
M_ins_p,2706
M_asp_DASH_L_c,1269
M_td2coa_c,2964
M_h2o_p+M_pa160_p,2417
M_adp_c+M_h_c+M_pa180_c,973
M_orot_c+M_succ_c,2869
M_h2o_c+M_ocdcap_c,2326
M_3psme_c+M_pi_c,597
M_pi_c+M_uaccg_c,2902
M_glu_DASH_D_c,2124
M_uri_e,3002
M_glu5p_c+M_h_c+M_nadph_c,2121
M_dtdprmn_c+M_nadp_c,1858
2.0_M_gthrd_c+M_nadp_c,63
2.0_M_h_p+M_nadh_c+M_nadp_c,97
M_glyc_c,2204
M_for_c+M_ppcoa_c,1999
M_fad_c+M_h_c+M_nadh_c,1922
M_h2o_c+2.0_M_h_p+M_mqn8_c,2276
2.0_M_atp_c+M_gln_DASH_L_c+M_h2o_c+M_hco3_c,24
M_amet_c+M_pi_c+M_ppi_c,1147
2.0_M_h_p+M_mal_DASH_L_p,94
M_dhor_DASH_S_c+M_mqn8_c,1823
M_h2o_p+M_pg120_p,2428
M_adp_c+M_h_c+M_r15bp_c,1021
M_4abut_c+M_glu_DASH_L_c,601
M_h2o_c+M_uracp_c,2394
M_colipa_p+M_udcpdp_p,1687
M_cdpdtdecg_c+M_glyc3p_c,1552
M_glcn_c+M_h_c,2110
M_h2o_c+2.0_M_h_p+M_q8_c,2277
M_chor_c+M_gln_DASH_L_c,1561
M_asp_DASH_L_c+M_gtp_c+M_imp_c,1278
M_h2o_c+M_pydx5p_c,2358
M_adp_c+M_colipap_e+M_h_c+M_pi_c,879
M_h_c+M_msa_c+M_nadph_c,2496
M_adphep_DASH_DD_c+M_ppi_c,1040
M_ckdo_c+M_phphhlipa_c,1574
M_asp_DASH_L_e,1284
M_dmlz_c+2.0_M_h2o_c+M_pi_c,1836
M_h_c+M_thym_p,2583
M_amp_c+M_pg180_c+M_ppi_c,1204
2.0_M_h_c+M_so4_c,92
M_cdpdtdec7eg_c+M_ppi_c,1550
M_h2o_c+M_ncam_c,2319
M_atp_c+M_glu_DASH_D_c+M_uama_c,1369
M_5aop_c,643
M_dhor_DASH_S_c+M_q8_c,1824
2.0_M_amet_c+M_cpppg3_c,14
M_2agpe180_p,321
M_gmp_c+M_h2o_c,2229
M_adp_c+M_h_c+M_pgp160_p+M_pi_c,997
M_2ombzl_c+M_amet_c,448
M_co2_c+M_nh4_c,1640
M_chor_c,1560
M_3hmrsACP_c+M_nadp_c,522
M_h2o_c+2.0_M_h_c+M_urdglyc_c,2275
M_atp_c+M_h2o_c+M_pa160_c,1413
M_h2o_c+M_lgt_DASH_S_c,2301
M_amp_c+M_palmACP_c+M_ppi_c,1191
M_h2o_c+M_ocdceap_c,2327
2.0_M_glx_c+M_h_c,61
M_atp_c+M_coa_c+M_h_p+M_hdca_p,1307
M_h2o_p+M_pe181_p,2427
M_h_c+M_novbcn_e,2544
M_h_p+M_succ_c,2641
M_fmn_c+M_h_c+M_nadph_c,1993
M_glyclt_e,2216
M_pg161_p+M_pi_p,2884
M_gggagicolipa_c+M_h_c+M_udp_c,2095
M_LalaDgluMdapDala_c+M_anhgm_c,721
M_2dmmq8_c+M_glyc3p_c,383
M_coa_c+M_h_c+M_ttdca_c,1671
M_akg_c+M_pser_DASH_L_c,1080
M_ala_DASH_D_p+M_anhgm3p_p,1101
M_4abut_p+M_h_p,607
M_atp_c+M_glu_DASH_L_c+M_ptrc_c,1372
M_dgsn_c+M_pi_c,1798
M_akg_c+M_h_c,1072
M_h_p+M_lac_DASH_D_p,2608
2.0_M_enter_c+M_fad_c+2.0_M_fe2_c+2.0_M_h_c,39
M_ac_c+M_hxcoa_c,760
M_h_c+M_xtsn_c,2595
M_asp_DASH_L_c+M_atp_c,1272
M_2agpe161_p,316
M_ggagicolipa_c+M_udpg_c,2092
M_athr_DASH_L_c+M_nadp_c,1295
M_adp_c+M_h_c+M_pyam5p_c,1019
M_adp_c+M_colipa_e+M_h_c+M_pi_c,877
M_dtdpglu_c,1855
M_ara5p_c,1234
M_h_c+M_hdeACP_c+M_pi_c,2452
M_h2o_c+M_itp_c,2298
2.0_M_atp_c+M_h_c,25
M_cbl1_e,1509
M_3hmrsACP_c+M_u3hga_c,523
M_fe3_e+M_fecrm_DASH_un_e,1963
M_12ppd_DASH_R_c+M_nad_c,188
M_atp_c+M_fmn_c+M_h_c,1355
M_glyc3p_c+2.0_M_h_c+M_ocdcea_c,2167
53.95_M_adp_c+53.95_M_h_c+53.945662_M_pi_c+0.773903_M_ppi_c,140
M_dgmp_c+M_h_c+M_ppi_c,1797
M_hxan_c+M_prpp_c,2682
M_h2o_c+M_trp_DASH_L_c,2384
2.0_M_h_c+0.5_M_o2_c+M_q8h2_c,69
M_2ommbl_c+0.5_M_o2_c,452
M_cys_DASH_L_c+M_iscs_c,1729
M_h2o_p+M_murein5p5p_p,2410
M_prfp_c,2920
M_2agpe160_p+M_h_p+M_hdca_p,312
M_co2_c+M_dxyl5p_c,1628
M_adp_c+M_crn_DASH_D_c+M_h_c+M_pi_c,881
M_fecrm_DASH_un_c+M_h_p,1973
2.0_M_h_c+M_pap_c+M_so3_c+M_trdox_c,87
M_3odecACP_c+M_h_c+M_nadph_c,567
M_atp_c+M_h2o_c+M_pa120_c,1410
M_ca2_e,1501
M_h2o_c+M_r5p_c,2360
M_cmp_c+M_h_c+M_kdolipid4_c,1606
M_pg120_c+M_pi_c,2875
M_gtp_c,2250
M_egmeACP_c+M_h2o_c,1886
M_adp_c+M_fgam_c+M_h_c+M_pi_c,914
M_arg_DASH_L_c+M_fum_c,1250
M_mal_DASH_L_c,2737
M_rhcys_c,2946
M_2odecg3p_c,439
M_aps_c+M_gdp_c+M_pi_c+M_ppi_c,1233
M_fadh2_c+2.0_M_h_c+M_iscu_DASH_2fe2s2_c,1940
M_tdec2eACP_c,2965
M_atp_c+M_fe3hox_p+M_h2o_c,1350
M_atp_c+M_h2o_c+M_pgp160_c,1434
53.95_M_adp_c+53.95_M_h_c+53.945874_M_pi_c+0.749831_M_ppi_c,141
M_glu_DASH_L_c+M_ppi_c+M_pram_c,2135
M_ni2_p,2851
M_h_c+M_lac_DASH_D_c,2470
M_val_DASH_L_p,3005
M_arg_DASH_L_c+M_succoa_c,1254
M_ptrc_e,2927
M_dtdprmn_c+M_kphphhlipa_c,1857
M_h_p+M_lcts_p,2611
M_h2o_c+M_o2_c+M_pyam5p_c,2321
2.0_M_fecrm_c+M_fmnh2_c,48
M_2agpe161_c,313
M_2mecdp_c+M_cmp_c,431
M_mal_DASH_L_c+M_o2_c,2741
M_acglu_c+M_atp_c,818
M_adp_c+M_h_c+M_pi_c+M_so4_c,1008
M_fdp_c,1950
M_h_c+M_pi_c+M_tdeACP_c,2557
M_LalaDgluMdapDala_p+M_h2o_p,729
M_1agpg181_p+M_h2o_p,229
M_for_c+M_uLa4n_c,2000
M_cobalt2_e,1681
M_eca3und_p+M_unagamuf_p,1882
2.0_M_h_c+M_hdcea_c+M_pi_c,71
M_adp_c+M_h_c+M_pi_c+M_zn2_p,1018
M_h2o_p,2401
M_r1p_c+M_ura_c,2940
M_icit_c,2688
M_1agpg141_p+M_h2o_p,221
M_h2o_c+M_pyr_c+M_q8_c,2359
M_h2o_p+M_pgp140_p,2436
M_h2o_c+M_hdd2coa_c,2285
M_methf_c+M_nadph_c,2756
M_trp_DASH_L_e,2975
M_h2o_p+M_pg140_p,2429
M_prpp_c+M_xan_c,2925
M_adp_c+M_glc_DASH_D_c+M_h_c+M_pi_c,923
M_dcdp_c+M_h2o_c+M_trdox_c,1766
M_fmnh2_c+M_nad_c,1994
2.0_M_fe3hox_c+M_fmnh2_c,46
M_atp_c+M_h2o_c+M_pg161_c,1428
M_gsn_c+M_pi_c,2240
2.0_M_arbtn_c+M_fad_c+2.0_M_fe2_c+2.0_M_h_c,23
M_4r5au_c+M_pi_c,639
M_atp_c+M_h2o_c+M_pe161_c,1421
M_lald_DASH_L_c+M_nadp_c,2726
M_1hdecg3p_c+M_ACP_c,241
M_lac_DASH_L_c+M_mqn8_c,2721
M_glyc_DASH_R_c+M_nadp_c,2200
M_cu2_p,1725
M_glyc_DASH_R_c+M_nad_c,2199
M_h2o_c+M_xtsn_c,2399
M_h_p+M_ttrcyc_p,2647
M_ins_c+M_nh4_c,2703
M_2agpe181_c+M_atp_c+M_ocdcea_c,324
M_atp_c+M_g3pg_p+M_h2o_c,1362
M_dc2coa_c+M_h2o_c,1756
M_g3pe_c+M_h_c+M_hdca_c,2035
M_moco_c+M_mptamp_c,2773
M_2mcacn_c+M_h2o_c,425
M_arbtn_DASH_fe3_e,1241
M_atp_c+M_s7p_c,1478
M_h2o2_c+M_trdrd_c,2273
M_anhgm4p_c+M_h_c,1216
M_mal_DASH_L_c+M_nadp_c,2740
M_h2o_c+M_xmp_c,2397
M_h_c+M_mn2_c,2492
M_h_c+M_malACP_c+M_palmACP_c,2484
M_orot_c+M_prpp_c,2867
M_h_c+M_ncam_c+M_r5p_c,2542
M_5mtr_e,665
M_ACP_c+M_atp_c+M_ddca_c,682
M_amp_c+M_pe180_c+M_ppi_c,1197
M_h_p+M_spmd_c,2640
M_h_p+M_pa161_p+M_pg161_p,2628
5.0_M_h_c+3.0_M_nadph_c+M_so3_c,139
M_amp_c+M_pe181_c+M_ppi_c,1198
2.0_M_uaagmda_c,106
M_alaala_p+M_murein3px3p_p,1129
M_atp_c+M_colipa_c+M_h2o_c,1318
M_alltn_c+M_h2o_c,1136
M_5drib_c+M_ade_c,657
M_pi_c+M_ser_DASH_L_c,2898
M_glyclt_c+2.0_M_h_c+M_nadh_c,2209
M_gdpmann_c+M_h2o_c,2086
M_gicolipa_c+M_h_c+M_udp_c,2097
M_atp_c+M_fgam_c+M_gln_DASH_L_c+M_h2o_c,1354
M_h2o_p+M_murein4px4p_p,2406
M_fusa_p+M_h_p,2021
M_ump_c+M_unaga_c,2994
M_3dhq_c+2.0_M_h_c+M_nadh_c,490
M_etha_p,1903
M_nh4_c,2840
M_glyc3p_e,2188
M_2agpg180_c+M_atp_c+M_ocdca_c,354
M_ACP_c+M_ddca_c+M_h_c,692
M_12dgr141_c+M_pi_c,162
M_adp_c+M_h_c+M_pa141_p+M_pi_c,968
M_glyc3p_c+M_hdeACP_c,2174
M_h2o_c+M_pa140_c,2331
M_h2o_c+M_t3c7mrseACP_c,2368
M_3hcpalm9eACP_c,503
M_glu_DASH_L_c+M_na1_c,2130
M_anth_c+M_prpp_c,1229
M_nad_c+M_ocdcaACP_c,2806
M_cit_p,1568
M_atp_c+M_h2o_c+M_pa181_c,1416
M_3odcoa_c+M_coa_c,560
M_dudp_c+M_h2o_c+M_trdox_c,1864
M_for_e,2001
M_hdd2coa_c,2657
M_atp_c+M_h_c+M_moadcoo_c,1449
M_h_c+M_thr_DASH_L_p,2582
M_3ocvac11eACP_c+M_h_c+M_nadph_c,559
M_h_c+M_lald_DASH_L_c+M_nadh_c,2473
M_lipa_p+M_pe181_p,2733
M_3omrsACP_c+M_ACP_c+M_co2_c,574
M_1hdec9eg3p_p+M_h2o_p,239
M_h2o_c+M_od2coa_c,2328
M_colipap_p+M_udcpp_p,1689
M_tyr_DASH_L_p,2980
M_5mta_c+M_h_c+M_spmd_c,660
M_h_c+M_nadph_c+M_ribflv_c,2528
M_g3p_c+M_nad_c+M_pi_c,2031
M_1agpg140_p+M_h_p+M_ttdca_p,220
M_ala_DASH_D_p+M_murein3p3p_p,1103
M_adp_c+M_h_c+M_pe160_p+M_pi_c,982
M_atp_c+M_h2o_c+M_pi_p,1439
M_accoa_c+M_dcacoa_c,784
M_2dda7p_c,372
M_glyc3p_c+M_mqn8_c,2175
M_h2o_c+M_pppi_c,2353
M_dtmp_c+M_h_c+M_ppi_c,1860
M_maltpt_c+M_pi_c,2747
M_h2o_c+M_um4p_c,2391
M_gly_c+M_h2o_c+M_mlthf_c,2152
M_mql8_c+M_nad_c,2777
M_fe3hox_e+M_h_p,1971
M_12dgr141_p,163
M_atp_c+M_h2o_c+M_pyr_c,1442
M_ACP_c+M_h_c+M_octa_c,696
M_h_c+M_pro_DASH_L_c,2564
M_cddec5eACP_c+M_nadp_c,1522
M_adp_c+M_h_c+M_k_c+M_pi_c,945
M_h_c+M_tyr_DASH_L_c,2588
M_14dhncoa_c+M_h2o_c,197
M_2aobut_c+M_h_c+M_nadph_c,369
M_h_c+M_malACP_c+M_tdeACP_c,2485
M_enter_c+3.0_M_h2o_c,1890
M_3dhq_c+M_pi_c,491
3.0_M_h2o_c+M_ppp9_c,113
M_o2_c+M_pdx5p_c,2855
M_pheme_p,2892
M_h2o_p+M_pg141_p,2430
M_h_p+M_mn2_p,2620
2.0_M_h2o_c+2.0_M_h_c+M_sucarg_c,64
M_gly_p+M_na1_p,2159
M_4ppan_c+M_ctp_c+M_cys_DASH_L_c,635
M_26dap_DASH_M_c+M_atp_c+M_uamag_c,291
M_dad_DASH_2_c+M_pi_c,1745
M_dha_e,1806
M_dctp_c+2.0_M_flxso_c+M_h2o_c,1769
2.0_M_enter_c+2.0_M_fe2_c+2.0_M_h_c+M_ribflv_c,37
M_h2o_p+M_murein3px3p_p,2402
M_h_c+M_nadh_c+M_xan_c,2523
M_gly_c+M_h_c,2153
M_5dglcn_c+M_h_c,650
M_2dr1p_c+M_hxan_c,399
M_acg5sa_c+M_glu_DASH_L_c,806
M_h2o_c+M_malthx_c,2303
M_amp_c+M_pe160_c+M_ppi_c,1195
M_6pgc_c,671
M_atp_c+M_thymd_c,1481
M_h_c+M_ps141_c,2567
M_h2o_c+M_uLa4fn_c,2389
M_2agpg120_c+M_atp_c+M_ddca_c,329
M_adp_c+M_glu_DASH_L_c+M_h_c+M_pi_c,926
M_12dgr120_p+M_pi_p,154
M_6hmhpt_c+M_atp_c,668
M_cmp_c+M_h_c+M_ps180_c,1621
M_ACP_c+M_ttdceap_c,718
3.0_M_h_p+M_succ_p,125
M_ctp_c+M_h_c+M_pa180_c,1720
M_atp_c+M_fecrm_p+M_h2o_c,1351
3.0_M_h_p+2.0_M_na1_c,121
M_2omph_c+2.0_M_atp_c+3.0_M_h2o_c+M_nad_c,456
M_1tdecg3p_p+M_h_p+M_ttdca_p,269
M_quin_p,2938
M_2agpg140_c,333
M_cu2_e,1724
M_atp_c+M_glucys_c+M_gly_c,1375
M_1agpe120_p+M_h2o_p,204
M_h_c+M_sbzcoa_c,2575
M_atp_c+M_h2o_c+M_orn_p,1409
M_dmpp_c,1837
M_hcys_DASH_L_c+M_nh4_c+M_pyr_c,2655
M_arbtn_c+M_h_p,1245
M_acon_DASH_C_c+M_h2o_c,826
M_asp_DASH_L_c+M_nh4_c,1281
M_atp_c+M_gthrd_c+M_h2o_c,1384
M_accoa_c+M_pi_c,798
M_adp_c+M_gthrd_c+M_h_c+M_pi_c,934
M_b2coa_c+M_h2o_c,1485
M_h2o_c+M_prbatp_c,2355
M_dcamp_c,1763
M_acser_c+M_h2s_c,831
M_agm_p+M_arg_DASH_L_c,1053
M_ctp_c+M_h_c+M_pa120_c,1715
M_man1p_c,2748
M_g3p_c+M_h2o_c+M_trp_DASH_L_c,2028
M_for_p+M_h_p,2005
M_h_c+M_nadph_c+M_toct2eACP_c,2537
M_ACP_c+M_pa181_c,716
M_ttrcyc_e,2977
M_2hdec9eg3p_p,415
M_2mcit_c+M_coa_c+M_h_c,427
M_h_c+M_ps181_c,2571
2.0_M_h_c+M_na1_p,80
M_ac_c+M_atp_c,753
M_ggagicolipa_c+M_h_c+M_udp_c,2091
M_gua_p+M_h_p,2265
M_actACP_c+M_co2_c+M_coa_c,834
M_air_c+M_h2o_c+M_nad_c,1065
M_dhpmp_c+M_h2o_c,1825
M_1agpe180_p+M_h_p+M_ocdca_p,214
M_fe3hox_DASH_un_e+M_h_c,1967
M_atp_c+M_gtp_c+M_h2o_c+M_so4_c,1388
M_glyc3p_p+M_h_p+M_ttdca_p,2195
M_glyc3p_c+M_ttdceap_c,2187
M_grdp_c+M_ppi_c,2234
M_h_c+M_met_DASH_L_c+M_thf_c,2489
M_1ddecg3p_c+M_h_c+M_pi_c,233
M_atp_c+M_enlipa_p+M_h2o_c,1344
M_2agpe140_c+M_atp_c+M_ttdca_c,299
M_12dgr181_c,181
M_mmcoa_DASH_S_c,2766
M_atp_c+M_for_c+M_gar_c,1356
M_atp_c+M_ctbt_p+M_h2o_c,1324
M_adp_c+M_h_c+M_pdx5p_c,978
M_aspsa_c+M_h_c+M_nadph_c,1291
M_cdp_c+M_grxrd_c,1525
M_f6p_c+M_pi_c,1915
M_coa_c+M_dca_c+M_h_c,1659
M_glu_DASH_L_p,2143
M_atp_c+M_pyr_c,1472
M_asp_DASH_L_c+M_o2_c,1282
M_adp_c+M_h_c+M_pi_c+M_zn2_c,1017
M_cdpdhdec9eg_c+M_h2o_c,1533
M_3hoctACP_c,527
M_h_p+M_pa180_p+M_pg180_p,2629
M_h_p+M_uri_p,2650
M_adp_c+M_h_c+M_pa141_c,967
M_acgam_c+M_anhm3p_c,814
M_akg_c+M_h_c+M_nadph_c+M_nh4_c,1074
M_atp_c+M_pnto_DASH_R_c,1465
M_2agpe160_c+M_atp_c+M_hdca_c,309
M_3oddecACP_c+M_ACP_c+M_co2_c,564
M_nac_c+M_nh4_c,2803
M_2agpg141_c,338
M_anhgm4p_p+M_h_p,1218
M_arg_DASH_L_c+M_orn_p,1253
M_glyclt_c+M_q8_c,2215
M_mptamp_c+M_ppi_c,2776
M_5mthf_c+M_nad_c,662
M_cytd_p,1742
M_h_c+M_spmd_p,2578
M_dhap_c,1808
M_atp_c+M_cgly_p+M_h2o_c,1302
M_h2o_c+M_pgp141_c,2343
M_adp_c+M_h_c+M_pa120_c,963
M_2hdec9eg3p_p+M_hdcea_p,416
2.0_M_h_c+M_ocdca_c+M_pi_c,85
M_nh4_c+M_uri_c,2844
M_acorn_c+M_akg_c,827
M_3hpalmACP_c+M_nadp_c,534
M_2agpe180_c,318
M_uLa4n_p,2983
M_uacgam_c+M_uagmda_c,2985
M_ACP_c+M_ocdceap_c,708
M_nad_c+M_nadph_c,2804
M_anhm3p_c+M_h2o_c,1225
M_glu_DASH_L_c+M_h_c,2127
2.0_M_h_c+M_pi_c+M_ttdca_c,89
M_h2s_p,2447
M_k_p,2711
M_nadp_c+M_uamr_c,2839
M_anhgm_c+M_h2o_c,1220
M_6hmhptpp_c+M_amp_c+M_h_c,670
M_atp_c+M_thmmp_c,1480
M_ddca_c+2.0_M_h_c+M_pi_c,1783
M_pep_c+M_uacgam_c,2874
M_akg_c+M_phthr_c,1079
M_glc_DASH_D_c+M_maltpt_c,2102
M_nadp_c+M_pant_DASH_R_c,2827
M_h_c+M_ppi_c+M_prbamp_c,2561
M_ACP_c+M_u3aga_c,719
M_adpglc_c,1037
M_h_c+M_ps161_c,2569
M_2dr1p_c,396
M_ala_DASH_D_c+M_ugmd_c,1098
M_atp_c+M_hom_DASH_L_c,1457
M_atp_c+M_h2o_c+M_kdo2lipid4_p,1396
M_12ppd_DASH_S_e,193
M_co2_c+M_h2o_c+M_pep_c,1631
M_feoxam_DASH_un_e+M_h_c,1985
M_atp_c+M_hphhlipa_c,1458
M_mobd_p,2772
M_cgly_e,1557
M_h_c+M_ps140_c,2566
M_asn_DASH_L_p+M_h2o_p,1267
3.0_M_h_c+M_his_DASH_L_c+2.0_M_nadh_c,117
2.0_M_cpgn_DASH_un_c+2.0_M_fe2_c+2.0_M_h_c+M_ribflv_c,30
M_2fe2s_c+M_iscu_c,408
M_glyc3p_c+2.0_M_h_c+M_ttdca_c,2168
M_amp_c+M_pi_c,1206
M_cit_p+M_succ_c,1570
M_ACP_c+M_atp_c+M_octa_c,687
M_amet_c+M_h_c,1143
M_mn2_p,2769
M_feoxam_DASH_un_p+M_h_c,1986
M_gtp_c+M_uri_c,2256
M_glyc3p_c+M_q8_c,2184
M_pg181_c+M_pi_c,2887
M_cytd_c+M_h2o_c,1737
M_fe3hox_e,1970
M_gmhep1p_c+M_pi_c,2225
M_12dgr181_p+M_pi_p,186
M_akg_c+M_udpLa4n_c,1085
4.0_M_h_c+M_sufbcd_DASH_2fe2s_c,135
M_for_c+M_h_c,1997
M_adp_c+M_arab_DASH_L_c+M_h_c+M_pi_c,863
2.0_M_cl_p+M_h_c,27
M_glyc3p_c+M_ocdceap_c,2180
M_2dmmq8_c+4.0_M_h_c+M_nadh_c,382
M_2ahbut_c+M_h_c+M_nadph_c,364
M_2agpe181_c+M_h2o_c,325
M_2h3oppan_c,410
M_etoh_c+M_nad_c,1907
M_h_p+M_pa181_p+M_pg181_p,2630
M_4fe4s_c+2.0_M_amet_c+M_h_c+M_nad_c+M_octapb_c,622
M_4r5au_c+M_ribflv_c,640
M_12ppd_DASH_R_c,187
M_adp_c+M_h_c+M_pi_c+M_pro_DASH_L_c,1006
M_cmp_c+M_h_c+M_pgp141_c,1610
M_h_c+M_nadh_c+M_pydx5p_c,2506
M_h2o_p+M_pa181_p,2420
M_atp_c+M_glu_DASH_L_c,1370
M_ctp_c+2.0_M_flxr_c+2.0_M_h_c,1712
M_3c2hmp_c,483
M_athr_DASH_L_c,1294
M_mg2_p,2761
M_akg_c+M_ala_DASH_L_c,1066
M_h2o_c+M_stcoa_c,2362
M_adn_p,854
M_3pg_c+M_atp_c,592
M_nad_c+M_palmACP_c,2808
M_12dgr141_p+M_pi_p,164
M_btcoa_c+M_fad_c,1492
M_cmp_c+2.0_M_h_c+M_pa161_c,1600
M_h2o_c+4.0_M_h_p+M_q8_c,2280
M_2fe1s_c+M_atp_c+M_h2o_c+M_sufbcd_c+M_sufsesh_c,403
M_cit_c,1563
M_ctp_c+M_h_c+M_pa181_c,1721
M_cpmp_c+M_cu2_c+2.0_M_moadcosh_c,1698
M_dd2coa_c+M_h2o_c,1775
M_fmnh2_c+M_nadp_c,1995
M_ckdo_c+M_lipidA_c,1573
M_g3pe_c+M_h_c+M_ocdcea_c,2038
M_h2o2_c+M_h_c+M_iasp_c,2267
M_h_c+M_nadph_c+M_t3c9palmeACP_c,2532
M_amp_c+M_cu2_c+M_h2o_c+M_moco_c,1160
M_h_c+M_mn2_p,2493
M_h_p+M_lcts_c,2610
M_h_c+M_melib_c,2487
M_atp_c+M_dtmp_c,1340
M_frdp_c+5.0_M_ipdp_c,2008
2.0_M_anhgm4p_p,17
M_spmd_p,2960
M_so4_p,2958
M_adp_c+M_grxrd_c,933
M_2agpe141_c+M_h2o_c,305
M_h_c+M_nadph_c+M_t3c11vaceACP_c,2529
M_ser_DASH_L_c,2953
M_glyc3p_c+2.0_M_h_c+M_ocdca_c,2166
M_doxrbcn_e,1841
M_h_c+M_iasp_c+M_succ_c,2461
M_accoa_c+M_hxcoa_c,796
M_atp_c+M_h2o_c+M_pa161_c,1414
M_ade_p,846
M_aicar_c+M_eig3p_c+M_glu_DASH_L_c+M_h_c,1062
M_cdpdtdecg_c+M_ppi_c,1554
M_adp_c+M_cdp_c,871
M_glu_DASH_L_c+M_oaa_c,2132
M_ac_c+M_glu5sa_c,758
M_udcpp_p,2993
M_adpglc_c+M_ppi_c,1038
M_2aobut_c+M_coa_c,366
M_adp_c+M_datp_c,890
M_h_c+M_his_DASH_L_c,2454
M_1tdecg3p_p+M_h2o_p,268
M_ala_DASH_L_p+M_atp_c+M_h2o_c,1121
M_akg_c+M_h_c+M_ichor_c,1073
M_atp_c+M_oaa_c,1463
M_adp_c+M_alaala_c+M_h_c+M_pi_c,861
M_adp_c+M_h_c+M_hhlipa_c,939
M_coa_c+M_dhna_c+M_h_c,1661
M_murein5p3p_p,2790
M_h2mb4p_c+M_h_c+M_nadh_c,2266
M_atp_c+M_h2o_c+M_lipa_c,1398
M_cobalt2_c+M_h_p,1680
M_lipa_p+M_pe161_p,2732
M_crn_DASH_D_c+M_crn_p,1701
M_2ombzl_c+2.0_M_adp_c+3.0_M_h_c+M_nadh_c+2.0_M_pi_c,447
M_dcmp_c+M_h_c+M_ppi_c,1768
M_8aonn_c+M_ACP_c+M_co2_c,677
M_cbp_c+M_oxam_c,1515
M_na1_c+M_pro_DASH_L_c,2797
M_gsn_c+M_pppi_c,2241
M_3htdcoa_c,540
M_3oocoa_c+M_h_c+M_nadh_c,577
M_LalaDgluMdapDala_p,726
M_ade_c+M_prpp_c,840
M_cytd_c+M_h_c,1739
M_ni2_c,2849
M_4mop_c+M_glu_DASH_L_c,628
M_2dmmql8_c+M_glx_c,393
M_zn2_e,3013
M_fadh2_c+M_nh4_c+M_pyr_c,1946
M_f6p_c+M_h2o_c,1913
M_cobalt2_c,1679
M_fe2_e,1957
M_arbtn_p+M_h_p,1249
M_3hpp_c+M_nadp_c,536
M_adn_c+M_pi_c,852
M_atp_c+M_pydx_c,1470
M_gam1p_c,2074
M_atp_c+M_h_c+M_pan4p_c,1454
M_g3pg_c+M_h_c+M_hdca_c,2051
M_h_c+M_zn2_p,2596
M_adp_c+M_h_c+M_s17bp_c,1023
M_hom_DASH_L_e,2673
M_mthgxl_c+M_pi_c,2784
M_h_c+M_nadph_c+M_t3c5ddeceACP_c,2530
M_ara5p_c+M_h2o_c+M_pep_c,1235
M_h2o_c+M_imp_c,2294
M_nad_c+M_tdeACP_c,2816
M_3ohcoa_c+M_coa_c,568
M_alaala_c+M_h2o_c,1125
M_cmp_c+M_h2o_c,1604
M_h2o_c+M_prbamp_c,2354
M_h_c+M_nadh_c+M_ribflv_c,2509
M_nad_c+M_rbflvrd_c,2815
M_cytd_p+M_h_p,1743
M_5dglcn_c+M_h_c+M_nadh_c,651
M_atp_c+M_skm_c,1479
M_pphn_c,2909
M_h2o_c+M_pmtcoa_c,2350
M_mql8_c+M_nadp_c,2778
M_h2o_p+M_pg180_p,2433
M_2dmmql8_c+M_co2_c+M_ppi_c,390
M_adp_c+M_h_c+M_pgp141_p+M_pi_c,996
M_csn_c+M_r5p_c,1708
M_duri_c+M_pi_c,1869
M_4abut_p,605
M_adp_c+M_gar_c+M_h_c+M_pi_c,920
M_eca3und_p+M_h_p+M_udcpdp_p,1881
M_amp_c+M_h_c+M_pmtcoa_c+M_ppi_c,1175
M_dhap_c+M_g3p_c,1810
M_fadh2_c+M_oc2coa_c,1947
M_h2o_c+M_td2coa_c,2370
M_h2o_c+M_pgp140_c,2342
M_grxrd_c+M_udp_c,2239
M_g3pe_c+M_h_c+M_ocdca_c,2037
M_h2o_c+M_pa120_c,2330
M_eca4und_p+M_h_p+M_udcpdp_p,1885
2.0_M_pg180_p,104
3.0_M_h_c+M_sheme_c,119
M_cdpdhdec9eg_c+M_ser_DASH_L_c,1535
M_ACP_c+M_lipa_c,704
M_ahdt_c+M_h2o_c,1061
M_anhgm_c+M_h_c,1221
M_ppi_c+M_seramp_c,2912
M_mlthf_c+M_nadp_c,2765
M_adp_c+M_enlipa_e+M_h_c+M_pi_c,903
M_h_p+M_pa160_p+M_pg160_p,2627
M_gua_e,2263
2.0_M_arbtn_DASH_fe3_c+M_fmnh2_c,19
M_gmp_c+M_h_c+M_ppi_c,2231
M_2agpg181_c+M_h2o_c,360
M_cit_e,1567
M_34hpp_c+M_co2_c+M_nadh_c,477
M_glcn_c+M_nadp_c,2111
M_5dglcn_p,654
M_2hdec9eg3p_c+M_h2o_c,414
M_adp_c+M_h_c+M_his_DASH_L_c+M_pi_c,940
M_h_e,2597
M_1agpg141_p+M_h_p+M_ttdcea_p,222
M_1tdecg3p_c+M_ACP_c,265
M_feenter_e,1981
2.0_M_cl_c+M_h_p,26
M_coa_c+M_suchms_c,1678
M_cmp_c+M_h_c+M_ppi_c,1615
M_adn_p+M_h_p,855
M_adp_c+M_h_c+M_pe141_p+M_pi_c,981
2.0_M_flxr_c+2.0_M_h_c+M_utp_c,54
M_h_c+M_nadh_c+M_tdec2eACP_c,2516
M_gtp_c+M_h2o_c+M_h_c,2253
M_ACP_c+M_actACP_c+M_co2_c,680
M_h_c+M_myrsACP_c+M_pi_c,2500
M_2tdec7eg3p_p,471
M_prlp_c,2921
M_adp_c+M_prpp_c,1032
M_LalaDgluMdap_e,736
M_adp_c+M_gthrd_p+M_h_c+M_pi_c,935
M_dcamp_c+M_gdp_c+2.0_M_h_c+M_pi_c,1764
M_amp_c+2.0_M_h_c+M_pep_c+M_pi_c,1153
M_ser_DASH_L_c+M_thf_c,2954
M_acACP_c+M_coa_c,749
M_3otdcoa_c+M_h_c+M_nadh_c,589
M_amp_c+M_bmoco_c+M_cu2_c,1159
M_atp_c+M_h2o_c+M_zn2_c,1447
M_hxan_c+M_r1p_c,2683
M_pi_c+M_thr_DASH_L_c,2899
M_amp_c+M_pe161_c+M_ppi_c,1196
M_h2o_c+M_thex2eACP_c,2376
M_h2o_p+M_pgp180_p,2440
M_h_c+M_lys_DASH_L_c,2478
M_coa_c+M_sl2a6o_c,1677
M_glyc3p_c+M_hdceap_c,2173
M_atp_c+M_ppa_c,1466
M_1odec11eg3p_c+M_octeACP_c,248
M_fru_c+M_pi_c,2013
M_pi_c+M_xtsn_c,2904
M_12dgr141_c,160
M_ACP_c+M_pa141_c,712
M_enter_p+M_h_p,1896
M_murein4px4p4p_p,2789
M_g3pe_c+M_h2o_c,2034
M_gdp_c+M_h_c+M_man_c,2081
M_amp_c+M_myrsACP_c+M_ppi_c,1186
M_asn_DASH_L_c+M_h_c,1263
M_asn_DASH_L_e,1264
M_ppi_c+M_thmmp_c,2913
M_amob_c,1150
M_trdrd_c+M_udp_c,2974
M_ACP_c+M_ocdcap_c,707
M_dad_DASH_5_c+M_h2o_c,1746
M_atp_c+M_fru_c,1359
M_adp_c+5.0_M_h_c+M_pi_c+M_sufbcd_DASH_2fe2s_c+M_sufse_c,858
M_adp_c+M_h_c+M_lipa_cold_p+M_pi_c,950
M_2agpg120_c+M_h2o_c,330
M_12dgr180_c+M_atp_c,177
M_amp_c+M_pe120_c+M_ppi_c,1192
M_h_c+M_oaa_c,2545
M_h_p,2598
M_h_p+M_tyr_DASH_L_p,2648
M_LalaDgluMdap_c+M_atp_c+M_uamr_c,734
M_dadp_c+M_grxox_c+M_h2o_c,1747
M_adp_c+M_ctp_c,884
M_akg_c+M_hisp_c,1075
M_ca2_p+M_na1_c,1504
M_26dap_DASH_LL_c,287
M_10fthf_c+M_adp_c+M_pi_c,144
M_3mop_c+M_glu_DASH_L_c,550
M_adp_c+M_dgtp_c,894
M_coa_c+M_malACP_c,1673
M_unagamuf_c,2995
M_adp_c+M_pi_c+M_succoa_c,1028
M_e4p_c+M_h2o_c+M_pep_c,1877
M_ACP_c+M_h_c+M_hdcea_c,695
M_pi_e,2905
M_co2_c+2.0_M_nh4_c+M_sucorn_c,1625
M_ca2_c+M_na1_p,1500
M_amet_c+M_nadph_c+M_tyr_DASH_L_c,1146
M_atp_c+M_r1p_c,1474
M_iscssh_c+M_moadamp_c+M_nadh_c,2708
M_asp_DASH_L_c+3.0_M_h_c,1271
M_2agpg161_p,351
M_man_c+M_pi_c,2750
M_12dgr160_p,168
M_xan_p,3008
M_coa_c+M_h_c+M_hdcea_c,1664
M_accoa_c+M_glx_c+M_h2o_c,790
M_orn_p,2864
M_cdpdtdec7eg_c+M_ser_DASH_L_c,1551
M_4hbz_c+M_pyr_c,626
M_adp_c+M_g6p_c+M_h_c,919
M_12dgr161_p,173
M_atp_c+M_h2o_c+M_pa180_c,1415
M_e4p_c+M_h2o_c+M_nad_c,1876
M_dhor_DASH_S_c+M_h2o_c,1822
M_camp_c+M_ppi_c,1506
M_h2o_c+M_pyam5p_c,2357
M_h_c+M_ppi_c+M_xmp_c,2563
M_akg_c+M_dtdp4addg_c,1070
M_h2o_p+M_pa120_p,2414
M_3ig3p_c+M_co2_c+M_h2o_c,543
M_adn_c+M_h2o_c,849
M_mincyc_e,2763
M_glx_c+M_succ_c,2151
M_feoxam_DASH_un_c+M_h_p,1984
M_ala_DASH_D_p+M_murein5p4p_p,1108
M_g3pg_c+M_h_c+M_ocdca_c,2053
M_hxan_c+M_rib_DASH_D_c,2684
M_na1_c+M_thr_DASH_L_c,2799
M_adp_c+M_gtspmd_c+M_h_c+M_pi_c,937
M_asp_DASH_L_c+M_h_c,1279
M_cdec3eACP_c,1523
M_ddcaACP_c+M_nadp_c,1782
M_paps_c+M_trdrd_c,2872
M_2ahbut_c+M_co2_c,363
M_4abut_c+M_glu_DASH_L_p,602
M_acald_c+M_h_c+M_nadh_c,775
M_glyclt_c+M_nad_c,2213
M_h_c+M_malACP_c+M_malcoame_c,2481
M_1odecg3p_c+M_ACP_c,251
M_cbm_c+M_h_c+M_poaac_c,1513
M_indole_e,2701
M_12dgr120_c+M_pi_c,152
M_g3pe_p+M_h2o_p,2043
M_adp_c+M_fe3_c+M_h_c+M_pi_c,909
M_acolipa_e+M_adp_c+M_h_c+M_pi_c,823
M_cmp_c+M_h_c+M_ps140_c,1617
M_glu_DASH_L_c+M_sucgsa_c,2139
M_amp_c+M_ppi_c,1207
M_2omhmbl_c,449
M_1agpe180_p+M_h2o_p,213
M_ac_c+M_cys_DASH_L_c+M_h_c,756
M_h_c+M_oaa_c+M_pi_c,2546
M_dctp_c+M_h2o_c,1770
M_adp_c+M_gdp_c,921
M_feoxam_DASH_un_p+M_h_p,1987
M_hxan_c+M_nh4_c,2681
M_amp_c+M_h_c+M_odecoa_c+M_ppi_c,1174
M_thymd_p,2973
M_ACP_c+M_accoa_c,679
M_urea_p,3001
M_h_p+M_indole_p,2604
M_arbtn_DASH_fe3_p+M_atp_c+M_h2o_c,1243
M_h2o_c+M_tre_c,2383
M_adp_c+M_dadp_c,889
M_atp_c+M_h_c+M_octa_c,1453
4.0_M_fe2_p+4.0_M_h_p+M_o2_p,127
M_h2o_c+M_pa181_c,2336
M_akg_c+M_asp_DASH_L_c,1067
M_h2o_c+M_pgp161_c,2345
M_kdo_c+M_pi_c,2716
M_3ocvac11eACP_c+M_ACP_c+M_co2_c,558
M_glcn_e,2112
M_co2_c+M_pe181_c,1649
M_g3pg_c+M_h_c+M_ttdcea_c,2056
M_clpn180_p+M_glyc_p,1588
M_h_c+2.0_M_pyr_c,2449
M_1agpg120_p+M_h2o_p,218
M_actACP_c+M_h_c+M_nadph_c,835
M_asp_DASH_L_c+M_mqn8_c,1280
M_adp_c+M_colipa_c+M_h_c,876
M_co2_c+M_nicrnt_c+M_ppi_c,1641
M_glyc3p_p,2189
M_2hdecg3p_c,417
M_ipdp_c,2707
M_adp_c+M_ctbt_c+M_h_c+M_pi_c,883
M_3hddecACP_c+M_nadp_c,512
M_gdp_c+M_ppi_c,2084
M_12ppd_DASH_R_p,190
M_dhnpt_c+M_pi_c,1820
M_na1_p+M_ser_DASH_L_p,2801
M_3ocmrs7eACP_c+M_ACP_c+M_co2_c,554
M_succ_e,2961
M_3hpp_e,537
M_clpn181_p+M_h2o_p,1591
M_but2eACP_c+M_h_c+M_nadph_c,1495
M_25aics_c+M_adp_c+M_h_c+M_pi_c,284
M_co2_c+M_nadph_c+M_ru5p_DASH_D_c,1639
M_h2o_c+M_nmn_c,2320
M_nadp_c+M_skm_c,2834
M_LalaDgluMdap_c+M_anhm_c,733
M_amp_c+M_ddcaACP_c+M_ppi_c,1162
M_rfamp_e,2944
M_accoa_c+M_amp_c+M_ppi_c,779
M_2mcit_c,426
M_glcn_p+M_h_p,2114
M_co2_p,1655
M_coa_c+2.0_M_flxso_c+M_pyr_c,1658
M_adp_c+M_h_c+M_pi_c+M_val_DASH_L_c,1016
M_amp_c+M_h_c+M_nad_c+M_ppi_c,1173
M_dgmp_c+M_h2o_c,1796
M_gthrd_p+M_h2o_p,2249
M_uagmda_c+M_ump_c,2989
M_gcald_c+M_h2o_c+M_nad_c,2078
M_ile_DASH_L_p,2696
M_colipa_p+M_uLa4n_p,1686
M_gmhep7p_c,2226
M_gthox_c+M_h_c+M_nadph_c,2243
M_atp_c+M_ribflv_c,1477
M_adp_c+M_h_c+M_mobd_c+M_pi_c,958
M_mql8_c+M_oaa_c,2779
3.0_M_23dhbzs_c+M_fe3_c+3.0_M_h_c,110
M_atp_c+M_coa_c+M_ddca_p+M_h_p,1306
2.0_M_fe2_c+2.0_M_fe3hox_DASH_un_c+2.0_M_h_c+M_ribflv_c,40
M_mqn8_c+M_succ_c,2782
M_mdhdhf_c,2751
M_ala_DASH_D_e,1099
M_dhap_c+M_mql8_c,1813
M_h2o_c+M_methf_c,2308
M_h_c+M_nadh_c+M_toct2eACP_c,2519
M_gam6p_c+M_h2o_c,2077
M_gicolipa_c+M_udpg_c,2098
M_h_p+M_his_DASH_L_p,2599
M_hmbil_c,2669
M_2ommbl_c+M_ahcys_c+M_h_c,454
M_glyclt_c+M_h_c,2210
M_25aics_c,283
M_cmp_c+M_h_c+M_ps161_c,1620
M_amp_c+M_ppi_c+M_sbzcoa_c,1208
M_dgsn_c+M_pppi_c,1799
M_2agpe141_c,303
M_glyc_DASH_R_p,2202
M_adp_c+M_h_c+M_pep_c,986
M_fe3hox_p+M_h_c,1972
M_ctbt_c+M_h_c,1710
M_fadh2_c+M_td2coa_c,1949
M_akg_c+M_sl26da_c,1082
M_fad_c+M_pro_DASH_L_c,1929
M_fum_c+M_nh4_c,2016
M_asp_DASH_L_c+M_q8_c,1283
M_h2o_c+M_phom_c,2348
M_nad_c+M_pi_c,2810
M_10fthf_c+M_h_c,148
M_6hmhpt_c+M_gcald_c,669
M_glyc3p_c+M_glyc_c+M_h_c,2170
M_adp_c+M_h_c+M_malcoa_c+M_pi_c,955
M_ca2_c+M_h_p,1499
M_glyc3p_p+M_h_p+M_ttdcea_p,2196
M_h_c+M_phe_DASH_L_c,2553
2.0_M_h_c+M_mql8_c+0.5_M_o2_c,78
M_g3p_c,2027
M_h_p+M_pa140_p+M_pg140_p,2625
M_akg_c+M_leu_DASH_L_c,1077
3.0_M_fum_c+M_pppg9_c,111
M_fe2_c+M_h_c,1953
M_g3pe_p+M_h_p+M_ocdca_p,2046
M_g6p_c+M_pyr_c,2070
M_glu_DASH_L_c+M_imacp_c,2129
M_h_c+M_lys_DASH_L_p,2479
M_fusa_e,2018
M_fprica_c+M_thf_c,2007
M_g1p_c,2022
M_2dmmq8_c+M_succ_c,387
M_atp_c+M_h2o_c+M_met_DASH_L_c,1403
M_adp_c+M_gmhep17bp_c+M_h_c,931
M_cm_p,1594
M_fadh2_c+M_nadp_c,1945
M_akg_c+M_ile_DASH_L_c,1076
M_12dgr181_c+M_pi_c,183
M_atp_c+M_cmp_c,1303
M_5mthf_c+M_hcys_DASH_L_c,661
4.0_M_fe3_p+2.0_M_h2o_p,128
M_akg_c+M_tyr_DASH_L_c,1084
M_dcyt_c+M_h2o_c+M_h_c,1772
M_etha_c+M_glyc3p_c+M_h_c,1900
M_ppi_c+M_pran_c,2910
M_ACP_c+M_h_c+M_hdca_c,694
M_cpgn_DASH_un_p+M_h_p,1694
M_h2o_p+M_pa141_p,2416
M_adp_c+M_h_c+M_r5p_c,1022
M_2sephchc_c,465
M_accoa_c+M_tdcoa_c,801
M_g3pg_p+M_h_p+M_ocdca_p,2062
M_h_c+M_nadph_c+M_trdox_c,2540
M_eca4colipa_e,1883
M_fusa_e+M_h_c,2019
2.0_M_flxso_c+M_h2mb4p_c+M_h2o_c,57
M_h_c+M_tre6p_c+M_udp_c,2585
M_idon_DASH_L_c+M_nadp_c,2692
M_atp_c+M_colipa_p+M_h2o_c,1319
M_nad_c+M_q8h2_c,2813
M_co2_c+M_pe141_c,1645
M_h2o_p+M_pe120_p,2421
M_h_c+M_ura_c,2591
M_h_c+M_nadh_c+M_pyr_c,2507
M_adp_c+M_h_c+M_pg161_p+M_pi_c,991
M_histd_c+M_pi_c,2668
M_doxrbcn_p+M_h_p,1844
M_fecrm_e,1977
M_coa_c+M_h_c+M_ttdcea_c,1672
M_adp_c+M_g3pg_c+M_h_c+M_pi_c,918
M_adp_c+M_fe3hox_c+M_h_c+M_pi_c,910
M_fe2_p+M_h_c,1959
M_lipa_e,2731
M_asp_DASH_L_p+2.0_M_h_p,1286
M_cys_DASH_L_p,1733
M_g3pg_e,2057
M_ACP_c+M_atp_c+M_ttdca_c,688
M_damp_c+M_h2o_c,1749
M_cmp_c+2.0_M_h_c+M_pa120_c,1596
M_h_p+M_pa120_p+M_pg120_p,2624
M_5aizc_c+M_asp_DASH_L_c+M_atp_c,642
M_h_p+M_lac_DASH_L_p,2609
M_asp_DASH_L_p,1285
M_arab_DASH_L_p+M_h_c,1239
M_unagamuf_p,2996
M_amp_c+M_h_c+M_hdcoa_c+M_ppi_c,1171
M_12dgr120_p,153
M_4abut_c+M_akg_c,599
M_3hcpalm9eACP_c+M_nadp_c,504
M_glu_DASH_L_c+M_h2o_c+M_nadp_c,2126
M_bmoco_c+M_gtp_c+M_h_c,1490
2.0_M_fe2_c+2.0_M_fe3hox_DASH_un_c+M_fmn_c+2.0_M_h_c,41
M_acgam_c+M_anhm_c,816
M_2agpg141_c+M_atp_c+M_ttdcea_c,339
M_alaala_p+M_murein5p3p_p,1131
M_lac_DASH_D_e,2719
M_quin_c,2936
2.0_M_arbtn_c+2.0_M_fe2_c+2.0_M_h_c+M_ribflv_c,21
M_gthrd_c+M_spmd_c,2246
M_dmpp_c+M_ipdp_c,1839
M_dcaACP_c+M_h_c+M_malACP_c,1758
M_lac_DASH_D_c+M_nad_c,2717
M_1agpg161_p+M_h_p+M_hdcea_p,226
M_5caiz_c+M_adp_c+M_h_c+M_pi_c,649
M_acg5sa_c+M_nadp_c+M_pi_c,808
M_h_c+M_orn_c,2550
M_adp_c+M_pppi_c,1031
M_cpgn_DASH_un_e+M_fe3_e,1691
M_1pyr5c_c+2.0_M_h_c+M_nadph_c,257
M_dtdp4d6dg_c+M_glu_DASH_L_c,1849
M_ala_DASH_L_c+M_na1_c,1115
M_grdp_c+M_ipdp_c,2233
M_ura_e,2997
M_alltn_p+M_h_p,1140
M_h2o_c+M_tdcoa_c,2371
M_acACP_c+M_h_c+M_malACP_c,750
M_acald_c+M_g3p_c,771
M_adp_c+M_dump_c+M_h_c,900
M_fadh2_c+2.0_M_fe2_c+2.0_M_iscssh_c+M_iscu_c,1934
M_atp_c+M_dcdp_c,1331
M_ctp_c+M_h_c+M_moco_c,1714
M_mobd_e,2771
M_2agpg140_p,336
M_amp_c+M_pg120_c+M_ppi_c,1199
M_cdpdddecg_c+M_ppi_c,1530
M_h_c+M_leu_DASH_L_c,2476
M_gmhep17bp_c+M_h2o_c,2224
M_ACP_c+M_malcoa_c,706
M_ala_DASH_D_p+M_murein4p4p_p,1105
M_h_p+M_thr_DASH_L_c,2642
2.0_M_pg120_p,99
M_atp_c+M_cd2_c+M_h2o_c,1300
M_murein5p4p_p,2791
M_h2s_c+2.0_M_o2_c,2444
M_ACP_c+M_dca_c+M_h_c,691
M_3hhexACP_c,519
2.0_M_arbtn_c+2.0_M_fe2_c+M_fmn_c+2.0_M_h_c,22
M_pro_DASH_L_p,2923
2.0_M_co2_c+2.0_M_dad_DASH_5_c+2.0_M_met_DASH_L_c+M_pppg9_c,28
M_db4p_c+M_for_c+M_h_c,1754
M_cpgn_DASH_un_c+M_h_p,1690
M_atp_c+M_coa_c+M_succ_c,1316
M_atp_c+M_h2o_c+M_pgp161_c,1435
M_co2_c+M_pyr_c,1652
M_h2o_c,2274
M_2tdecg3p_c,473
M_rfamp_p,2945
M_3mob_c+M_glu_DASH_L_c,547
M_adp_c+M_h_c+M_pa181_p+M_pi_c,976
M_ddca_p+M_g3pe_p+M_h_p,1787
M_23dhmb_c+M_nadp_c,280
M_ade_c+M_h2o_c+M_h_c,838
M_crn_DASH_D_p+M_h_p,1704
M_o2_p,2857
M_ac_c+2.0_M_h_c+M_nadh_c,751
M_gmeACP_c+M_h_c+M_malACP_c,2222
M_cit_c+M_h_p,1565
M_h_p+M_so4_p,2639
M_ACP_c+M_pa161_c,714
M_h2o_p+M_pe160_p,2424
M_grxox_c+2.0_M_h_c+M_pap_c+M_so3_c,2236
2.0_M_dmlz_c,36
M_hpyr_c,2677
M_h_c+M_orot5p_c,2551
M_ppp9_c+3.0_M_succ_c,2918
M_4c2me_c+M_ppi_c,618
M_adn_c+M_h2o_c+M_h_c,850
M_co2_c+M_pe180_c,1648
M_ala_DASH_L_c+M_atp_c+M_uamr_c,1111
M_h_c+M_nadh_c+M_t3c11vaceACP_c,2511
M_1agpe181_p+M_h_p+M_ocdcea_p,216
3.0_M_h_c+2.0_M_nadh_c+M_udpglcur_c,116
M_h_c+M_mal_DASH_L_p,2486
M_imp_c+M_ppi_c,2698
M_atp_c+M_h2o_c+M_ni2_p,1408
M_enlipa_e,1889
M_2agpe161_c+M_h2o_c,315
M_acald_c+M_h2o_c+M_nadp_c,774
M_atp_c+M_feenter_p+M_h2o_c,1352
M_h_c+M_lac_DASH_L_c,2471
M_ala_DASH_L_c+M_iscssh_c,1114
M_h_c+M_idp_c+M_pi_c,2463
M_amp_c+M_ddcacoa_c+M_h_c+M_ppi_c,1163
M_anhgm3p_p+M_anhgm4p_p,1212
M_adphep_DASH_LD_c+M_gggagicolipa_c,1042
M_glyc_e,2207
M_12ppd_DASH_R_e,189
M_adp_c+M_arg_DASH_L_c+M_h_c+M_pi_c,865
M_atp_c+M_hhlipa_c,1456
M_ura_p,2998
M_2tdecg3p_c+M_h2o_c,474
M_fe3_p,1965
M_LalaDgluMdap_c+M_h2o_c,735
M_4pasp_c+M_h_c+M_nadph_c,631
M_fe2_p,1958
M_g3pg_c+M_h_c+M_hdcea_c,2052
M_anth_c+M_glu_DASH_L_c+M_h_c+M_pyr_c,1228
M_4abutn_c+M_h2o_c+M_nad_c,609
M_2ippm_c+M_h2o_c,421
M_pi_c+M_tre_c,2901
M_3odcoa_c+M_h_c+M_nadh_c,561
M_2aobut_c+M_h_c,367
M_dhptd_c+M_hcys_DASH_L_c,1829
M_adp_c+M_h_c+M_pe180_p+M_pi_c,984
M_1pyr5c_c+2.0_M_h2o_c+M_nad_c,256
M_12dgr180_c,176
M_adp_c+M_h_c+M_pgp161_p+M_pi_c,998
M_itp_c+M_nh4_c,2709
M_crn_DASH_D_c+M_h_c,1702
M_ACP_c+M_octapb_c,709
M_fprica_c,2006
M_eca4colipa_p+M_h_p+M_udcpdp_p,1884
M_2dr1p_c+M_ade_c,397
M_cddec5eACP_c+M_h_c+M_malACP_c,1520
M_gtp_c+3.0_M_h2o_c,2251
M_akg_c+M_sucorn_c,1083
M_fe3_e,1961
M_adp_c+M_dtdp_c,897
M_adp_c+M_h_c+M_pg181_p+M_pi_c,993
M_34hpp_c+M_glu_DASH_L_c,478
M_h_c+M_nadph_c+M_thex2eACP_c,2535
M_cpgn_e,1695
M_adp_c+M_h_c+M_pa161_c,971
M_2dhp_c+M_h_c+M_nadph_c,380
M_2fe2s_c+2.0_M_dad_DASH_5_c+2.0_M_fe2_c+M_lipopb_c+2.0_M_met_DASH_L_c+M_nadh_c,406
M_glu_DASH_L_p+M_na1_p,2145
M_accoa_c+M_dtdp4addg_c,786
M_colipa_e,1684
M_dtmp_c+M_h2o_c,1859
2.0_M_unagamuf_p,107
M_nh4_p,2848
M_pi_c+M_ppcoa_c,2893
2.0_M_flxr_c+M_h_c+M_nadp_c,56
M_hxan_c,2680
M_feoxam_e+M_h_p,1989
M_10fthf_c+M_gar_c,146
M_3hdecACP_c,513
M_hom_DASH_L_c+M_succoa_c,2672
M_g3pg_p+M_h_p+M_hdcea_p,2061
M_octdp_c+5.0_M_ppi_c,2859
M_h2o_c+M_met_DASH_L_c+M_trdox_c,2307
M_cdp_c+M_h_c+M_pi_c,1526
M_mql8_c+M_orot_c,2780
2.0_M_fe3hox_c+M_rbflvrd_c,47
M_nadp_c+M_ser_DASH_D_c,2832
M_adp_c+M_glycogen_c+M_h_c,930
M_asn_DASH_L_p,1265
M_thym_e,2970
M_5dglcn_p+M_h_p,655
M_23dhmp_c+M_nadp_c,282
M_g3pg_c+M_h_c+M_ocdcea_c,2054
M_cd2_c+M_h_p,1517
M_h_p+M_k_p,2607
M_cl_e,1576
M_amp_c+M_h_c+M_ppi_c+M_tdcoa_c,1180
M_gthox_c+2.0_M_h2o_c,2242
M_adn_e,853
M_g6p_c+M_udpg_c,2071
M_2fe2s_c+M_sufbcd_c,409
M_ala_DASH_B_c+M_atp_c+M_pant_DASH_R_c,1090
M_h2o_c+M_pa160_c,2333
M_1tdecg3p_c+M_h_c+M_pi_c,266
M_g3p_c+M_s7p_c,2033
M_ACP_c+M_h_c+M_ttdcea_c,698
M_atp_c+M_coa_c+M_ppa_c,1314
M_co2_c+2.0_M_h2o_c+M_h_c+M_nadh_c+M_pdx5p_c+M_pi_c,1624
M_pg141_p+M_pi_p,2880
M_od2coa_c,2860
M_rib_DASH_D_c+M_xan_c,2948
M_2agpe120_c+M_atp_c+M_ddca_c,294
M_cdpdodec11eg_c+M_glyc3p_c,1540
2.0_M_h2o_c+M_o2_c+M_urate_c,66
M_fad_c+M_pmtcoa_c,1927
M_amp_c+M_dcaACP_c+M_ppi_c,1161
M_h_c+M_hco3_c,2450
M_atp_c+M_gmhep1p_c+M_h_c,1380
M_crn_p+M_h_p,1706
M_ala_DASH_D_c+M_fad_c+M_h2o_c,1095
M_cmp_c+M_h_c+M_pgp180_c,1613
M_akg_c+M_co2_c+M_nadph_c,1068
M_h2o_c+M_oc2coa_c,2323
M_acser_c,829
M_cbasp_c+M_h_c+M_pi_c,1508
M_g3pe_p,2042
M_fecrm_DASH_un_p+M_h_c,1975
M_nad_c+M_octeACP_c,2807
M_h_c+M_nadh_c+M_oxur_c,2505
M_ser_DASH_L_p,2956
M_coa_c+M_h_c+M_mal_DASH_L_c,1666
2.0_M_h_c+M_lac_DASH_L_c+M_nadh_c,72
M_nadp_c+M_trdrd_c,2838
M_nad_c+M_pphn_c,2811
M_12dgr160_p+M_pi_p,169
M_2mecdp_c+2.0_M_flxr_c+M_h_c,430
M_ppi_c+M_prbatp_c,2911
M_ade_c+M_rhcys_c,843
M_2dmmql8_c+M_fum_c,392
M_2agpg160_p+M_h_p+M_hdca_p,347
M_cd2_p,1518
M_h2o_c+M_tdeACP_c,2373
M_dtdp4d6dg_c,1848
M_lipa_cold_e,2730
M_3ig3p_c,542
2.0_M_feoxam_c+M_rbflvrd_c,53
3.0_M_h_c+M_succ_c,120
M_adp_c+M_h_c+M_pgp140_p+M_pi_c,995
M_acser_c+M_coa_c,830
M_grxox_c+2.0_M_gthrd_c,2235
M_fadh2_c+2.0_M_h_c+M_sufbcd_DASH_2fe2s2_c,1941
M_h2o_c+M_xtp_c,2398
M_2ohph_c+M_amet_c,445
M_acetol_c+M_nadp_c,803
M_2agpe161_p+M_h_p+M_hdcea_p,317
M_3hddcoa_c+M_nad_c,510
M_atp_c+M_h2o_c+M_thr_DASH_L_p,1445
M_camp_c+M_h2o_c,1505
M_cm_p+M_h_p,1595
M_so4_e,2957
M_atp_c+M_gtp_c,1387
M_cm_e,1592
M_h2o_c+M_ppgpp_c,2351
M_metsox_DASH_S_DASH_L_c+M_trdrd_c,2758
M_cdpdhdec9eg_c+M_ppi_c,1534
M_ac_c+M_oaa_c,762
M_3ohdcoa_c+M_coa_c,570
M_amp_c+M_pe140_c+M_ppi_c,1193
M_etoh_c,1906
M_glyc_DASH_R_c+M_h_c,2198
M_LalaLglu_c,742
M_2agpe120_c,293
M_amp_c+M_asn_DASH_L_c+M_h_c+M_ppi_c,1157
M_atp_c+M_h2o_c+M_mg2_p,1404
M_h2o_c+M_uppg3_c,2393
M_cdpdtdecg_c+M_ser_DASH_L_c,1555
M_h2o_p+M_pgp161_p,2439
M_k_e,2710
2.0_M_glu_DASH_L_c+M_nadp_c,60
M_glyc3p_p+M_pi_c,2197
M_h2o_c+M_pser_DASH_L_c,2356
M_fadh2_c+2.0_M_fe2_c+2.0_M_iscssh_c+M_iscu_DASH_2fe2s_c,1933
M_xan_c,3006
M_g3p_c+M_h_c+M_pyr_c,2029
M_rib_DASH_D_c+M_ura_c,2947
M_h2o_c+M_tdecoa_c,2375
M_acald_c+M_nh4_c,776
M_atp_c+M_ump_c,1483
M_2ddecg3p_p+M_ddca_p,377
M_3ooctACP_c+M_ACP_c+M_co2_c,578
M_atp_c+M_glyc3p_p+M_h2o_c,1377
M_thr_DASH_L_c,2967
M_2agpg120_p,331
M_ala_DASH_L_e,1119
M_g3pe_p+M_h_p+M_hdca_p,2044
M_h_c+M_succ_p,2579
M_2tdec7eg3p_c,469
M_glyc_c+M_pi_c,2206
M_h_c+M_pi_c+M_ppgpp_c,2555
M_adp_c+M_h_c+M_pi_c+M_ugmda_c,1014
M_h_c+M_thr_DASH_L_c,2581
M_amp_c+2.0_M_h_c+M_nmn_c,1152
M_g3pe_p+M_h_p+M_ttdcea_p,2049
M_glyc3p_c+2.0_M_h_c+M_hdca_c,2164
M_h_c+M_nadh_c+M_tmrs2eACP_c,2518
M_h_c+M_idon_DASH_L_c,2462
M_h_c+M_k_p,2469
M_3hdcoa_c+M_nad_c,508
M_r1p_c,2939
M_4mop_c+M_co2_c,627
M_fe2_c,1952
M_15dap_p,201
M_enter_e+M_h_c,1894
M_atp_c+M_glc_DASH_D_p+M_h2o_c,1365
M_ctp_c+M_h_c+M_pa140_c,1716
M_dha_c,1802
M_accoa_c+M_h_c+M_nadh_c,794
M_lac_DASH_L_p,2724
M_glyc3p_p+M_h_p+M_ocdca_p,2193
M_bmoco1gdp_c+M_gtp_c+M_h_c,1488
M_novbcn_e,2852
M_cmp_c+M_h_c+M_pgp181_c,1614
M_atp_c+M_gthrd_c+M_spmd_c,1385
M_metsox_DASH_R_DASH_L_c+M_trdrd_c,2757
M_h2o_c+M_t3c9palmeACP_c,2369
M_2agpg120_p+M_ddca_p+M_h_p,332
M_2odec11eg3p_c,435
M_atp_c+M_dudp_c,1341
M_atp_c+M_g3pe_p+M_h2o_c,1361
M_fadh2_c+M_od2coa_c,1948
M_adp_c+M_fecrm_c+M_h_c+M_pi_c,911
M_h_c+M_ps160_c,2568
M_2agpg161_c+M_h2o_c,350
3.0_M_h_c+2.0_M_nadh_c+M_uacmamu_c,115
M_2dmmq8_c+M_h_c+M_nadph_c,386
M_indole_c+M_nh4_c+M_pyr_c,2699
M_ctp_c+M_h_c+M_pa160_c,1718
M_h_p+M_hom_DASH_L_c,2600
M_mal_DASH_L_p,2744
M_atp_c+M_dhpt_c+M_glu_DASH_L_c,1336
M_amp_c+M_pe141_c+M_ppi_c,1194
M_3ophb_c+M_h_c,586
M_acgam6p_c+M_h2o_c,812
M_10fthf_c+M_h2o_c,147
M_adp_c+M_amp_c+M_h_c,862
M_ala_DASH_L_c+M_h_c,1113
M_h2o_c+M_imacp_c,2293
M_dttp_c+M_g1p_c+M_h_c,1861
M_h2s_c+M_nh4_c+M_pyr_c,2445
M_adp_c+M_h_c+M_hlipa_c,941
M_g3pg_p+M_h2o_p,2059
M_2aobut_c+M_h_c+M_nadh_c,368
M_cit_c+M_coa_c+M_h_c,1564
M_h2o_c+M_metsox_DASH_R_DASH_L_c,2309
M_pg120_p+M_pi_p,2876
M_ser_DASH_D_c,2952
M_atp_c+M_rib_DASH_D_c,1476
M_atp_c+M_dgmp_c,1334
M_h_c+M_nadh_c+M_tpalm2eACP_c,2521
M_fdp_c+M_h2o_c,1951
M_atp_c+M_glu_DASH_L_c+M_trnaglu_c,1373
M_h2s_e,2446
M_atp_c+M_glu_DASH_L_c+M_nh4_c,1371
M_cit_c+M_succ_p,1566
M_glyc3p_c+2.0_M_h_c+M_ttdcea_c,2169
2.0_M_h_c+M_mal_DASH_L_c,74
M_cdpdodecg_c+M_h2o_c,1545
M_LalaDgluMdap_c+M_adp_c+M_h_c+M_pi_c,730
M_2oph_c+M_co2_c,460
M_alltn_p,1139
M_h2o_c+M_pgp181_c,2347
M_gua_c+M_r1p_c,2262
M_g3p_c+M_pyr_c,2032
M_atp_c+M_gly_c+M_pram_c,1376
M_adp_c+M_h_c+M_pi_c+M_uamag_c,1012
M_clpn180_p+M_h2o_p,1589
M_adp_c+M_h_c+M_pi_c,1005
M_adp_c+M_colipa_p+M_h_c+M_pi_c,878
M_ala_DASH_D_p+M_murein4px4px4p_p,1107
M_adp_c+M_co2_c+M_pep_c,873
M_butACP_c+M_nad_c,1497
M_h2o_c+M_ttdceap_c,2386
M_h2o_c+M_occoa_c,2325
M_adp_c+M_udp_c,1035
M_1agpg160_p+M_h2o_p,223
M_aps_c+M_atp_c,1232
M_2dmmql8_c+M_nad_c,394
M_ala_DASH_D_c+M_pydx5p_c,1097
M_hmbil_c+4.0_M_nh4_c,2670
M_23dhba_c+M_ppi_c,275
M_accoa_c+M_ddcacoa_c,785
M_glyc_DASH_R_e,2201
M_h2o_p+M_pg181_p,2434
M_hom_DASH_L_c+M_nadp_c,2671
M_fadh2_c+2.0_M_fe3hox_c,1936
M_h2o_c+M_myrsACP_c,2312
M_3pg_c,590
M_h_c+M_ocACP_c,2547
M_ala_DASH_L_c+M_sufsesh_c,1118
M_3hpp_c+M_h_c,535
M_h_p+M_pi_p,2632
M_h2o_c+M_hx2coa_c,2289
M_s17bp_c,2950
M_dutp_c+M_nh4_c,1872
M_fad_c+M_iscu_DASH_4fe4s_c,1925
M_adprib_c+M_h2o_c,1046
M_3ooctdACP_c+M_h_c+M_nadph_c,581
M_glu5sa_c+M_nadp_c+M_pi_c,2123
M_hom_DASH_L_p,2674
M_12dgr161_p+M_pi_p,175
M_ahcys_c+M_malcoame_c,1059
M_arg_DASH_L_c+M_h_c,1251
M_glu_DASH_L_p+M_h_p,2144
M_adp_c+M_h_c+M_pi_c+M_uama_c,1011
M_meoh_c+M_pimACP_c,2753
M_dtdp4d6dm_c,1851
M_4fe4s_c+M_iscu_c,623
3.0_M_h2o_c+M_h2s_c+3.0_M_nadp_c,112
M_atp_c+M_h2o_c+M_pe141_c,1419
M_glx_c+M_mql8_c,2149
M_accoa_c+M_hxa_c,795
M_h2o_c+M_uri_c,2395
M_3fe4s_c+M_fe2_c,494
M_6pgc_c+M_h_c,673
M_g3pe_c+M_h_c+M_ttdcea_c,2040
M_h_c+M_iasp_c+M_mql8_c,2459
M_fecrm_p+M_h_c,1979
M_amp_c+M_h_c+M_ppi_c+M_tdecoa_c,1181
M_glc_DASH_D_c+M_pi_c,2104
M_h_c+M_thf_c+M_udpLa4fn_c,2580
M_adp_c+M_h_c+M_lys_DASH_L_c+M_pi_c,954
M_agm_c+M_arg_DASH_L_p,1048
M_atp_c+M_h2o_c+M_pg160_c,1427
M_2obut_c+M_coa_c,432
M_atp_c+M_h2o_c+M_pgp140_c,1432
M_cpgn_e+M_h_p,1696
M_frdp_c+M_ppi_c,2011
M_nadp_c+M_pmeACP_c,2828
M_adphep_DASH_LD_c,1041
M_dhpt_c+M_ppi_c,1827
M_atp_c+M_h2o_c+M_leu_DASH_L_p,1397
M_3ooctdACP_c+M_ACP_c+M_co2_c,580
M_actp_c+M_coa_c,837
M_atp_c+M_glyc_c,1379
M_h_c+M_nadph_c+M_opmeACP_c,2526
M_26dap_DASH_M_c+M_LalaDglu_c,290
M_gdp_c+M_h_c+M_ump_c,2083
M_h_p+M_pro_DASH_L_p,2634
M_ptrc_c+M_urea_c,2926
M_gtp_c+M_h2o_c,2252
M_trp_DASH_L_p,2976
M_5mtr_p+M_h_p,667
M_dump_c+M_h2o_c,1865
M_g3pe_p+M_h_p+M_hdcea_p,2045
M_pg140_c+M_pi_c,2877
M_h2o_p+M_murein5px3p_p,2411
M_glu_DASH_L_c+M_phpyr_c,2134
M_glyclt_c+M_nadp_c,2214
M_ala_DASH_D_p+M_murein5px4p_p,1109
M_1odecg3p_c+M_ocdcaACP_c,253
M_atp_c+M_lipidAds_c,1460
M_23dhmp_c,281
3.0_M_23dhba_c+3.0_M_seramp_c,108
M_1hdecg3p_c+M_h_c+M_pi_c,242
M_3ooctACP_c+M_h_c+M_nadph_c,579
M_for_c,1996
M_4fe4s_c,621
M_lac_DASH_D_c+M_q8_c,2718
M_dhna_c+M_h_c+M_octdp_c,1818
M_acolipa_e,822
M_h2o_c+M_pep_c,2340
M_citr_DASH_L_c+M_h_c+M_pi_c,1571
M_amp_c+M_h2o_c,1169
M_alltn_c+M_co2_c+M_h2o2_c,1135
M_cgly_p+M_glu_DASH_L_p,1559
M_dimp_c+M_h_c+M_ppi_c,1831
M_2agpg181_c+M_atp_c+M_ocdcea_c,359
M_atp_c+M_h2o_c+M_lipa_cold_c,1399
M_h_c+M_hexACP_c+M_malACP_c,2453
M_acgam_c+M_anhm4p_c,815
M_ACP_c+M_atp_c+M_hdcea_c,684
M_adp_c+M_h_c+M_kdo2lipid4_e+M_pi_c,946
M_adp_c+M_cgly_c+M_h_c+M_pi_c,872
M_asn_DASH_L_c+M_h2o_c,1262
M_lys_DASH_L_e,2735
M_adp_c+M_h_c+M_pa160_p+M_pi_c,970
M_doxrbcn_e+M_h_c,1842
M_atp_c+M_prpp_c,1468
M_h2o_c+M_palmACP_c,2337
M_glc_DASH_D_c+M_malthx_c,2101
M_cyst_DASH_L_c+M_h2o_c,1734
M_amp_c+M_glutrna_c+M_ppi_c,1167
M_ala_DASH_L_p,1120
M_co2_c+M_mlthf_c+M_nadh_c+M_nh4_c,1634
M_dtdp4d6dg_c+M_h2o_c,1850
M_e4p_c+M_xu5p_DASH_D_c,1878
M_g3p_c+M_indole_c,2030
M_dadp_c+M_h2o_c+M_trdox_c,1748
M_adp_c+M_h_c+M_pgp181_p+M_pi_c,1000
M_anhgm_p,1223
M_3hoctaACP_c,529
M_adp_c+M_h_c+M_pgp120_p+M_pi_c,994
M_bglycogen_c,1486
M_h2o_c+M_ttdcap_c,2385
M_h_c+M_ser_DASH_L_c,2576
M_agm_e,1051
M_2agpg180_p,356
M_h2o_c+M_nadp_c+M_sucsal_c,2318
M_dtdp_c+M_h_c+M_unagamuf_c,1854
M_pep_c+M_skm5p_c,2873
M_ala_DASH_D_p+M_h_p,1102
M_clpn141_p+M_glyc_p,1582
M_h_c+M_nadph_c+M_tdec2eACP_c,2534
M_hxan_e,2685
M_atp_c+M_dcmp_c,1332
M_dnad_c+M_ppi_c,1840
M_atp_c+M_h2o_c+M_nac_c+M_prpp_c,1406
M_cys_DASH_L_c+M_suchms_c,1730
M_g3pg_p+M_h_p+M_ocdcea_p,2063
M_nad_c+M_thr_DASH_L_c,2817
M_asp_DASH_L_p+3.0_M_h_p,1287
M_h_p+M_ins_p,2605
M_12dgr140_c+M_pi_c,157
M_thym_p,2971
M_nad_c+M_uracp_c,2819
M_amp_c+M_h_c+M_hxcoa_c+M_ppi_c,1172
M_adp_c+M_f6p_c+M_h_c,904
M_15dap_e,200
M_anhgm3p_p+M_h2o_p,1213
M_1agpg140_p+M_h2o_p,219
M_murein4p4p_p,2788
M_nadp_c+M_q8h2_c,2830
M_atp_c+M_cys_DASH_L_c+M_h2o_c,1327
M_adn_c+M_atp_c,848
M_1tdec7eg3p_p+M_h_p+M_ttdcea_p,264
M_4ppcys_c+M_h_c,637
M_nad_c+M_ppi_c,2812
M_2agpg160_c+M_h2o_c,345
M_4abut_e,604
M_adp_c+M_feenter_c+M_h_c+M_pi_c,912
M_co2_c+M_pe120_c,1643
M_h_p+M_ile_DASH_L_p,2603
M_adp_c+M_h_c+2.0_M_pi_c,938
M_mg2_e,2760
M_nad_c+M_udpglcur_c,2818
M_glyc3p_c+M_nadp_c,2177
M_3hddecACP_c,511
M_lac_DASH_L_c+M_q8_c,2722
M_h2o_p+M_murein5px4px4p_p,2413
M_5apru_c+M_h_c+M_nadph_c,646
M_mql8_c+M_pyr_c,2781
M_2agpg160_c,343
M_but2eACP_c+M_h_c+M_nadh_c,1494
M_LalaDgluMdapDala_c+M_anhm_c,722
M_ade_c+M_h_c,839
M_feenter_c+3.0_M_h2o_c,1980
M_ACP_c+M_ddcap_c,693
M_cdpdtdec7eg_c+M_h2o_c,1549
M_nh4_e,2847
M_1hdecg3p_p+M_h2o_p,244
M_h2o_c+M_hdceap_c,2283
M_h_c+M_uaagmda_c+M_udp_c,2589
M_f6p_c+M_nh4_c,1914
M_acald_c+M_gly_c,772
2.0_M_flxr_c+M_gtp_c+2.0_M_h_c,55
M_atp_c+M_h2o_c+M_lipa_cold_p,1400
M_co2_c+M_h2o_c,1630
M_h_c+M_malACP_c,2480
M_amp_c+M_h_c+M_pnto_DASH_R_c+M_ppi_c,1176
M_arg_DASH_L_p+M_h_p,1259
M_ddca_c+M_glyc3p_c+2.0_M_h_c,1786
M_arbtn_e+M_fe3_e,1246
4.0_M_h_c+M_uppg3_c,137
M_h_c+M_nadh_c+M_urate_c,2522
M_cys_DASH_L_c,1726
M_moadamp_c+M_ppi_c,2770
M_adp_c+M_dtmp_c+M_h_c,898
M_crn_c+M_h_c,1705
M_h2o_p+M_udcpdp_p,2442
M_ala_DASH_L_c+M_pimACP_c,1116
M_3pg_c+M_adp_c+M_h_c,591
M_hxan_p,2686
M_dha_p,1807
M_ctp_c+M_h2o_c,1713
M_atp_c+M_dhgly_c+M_dxyl5p_c+M_h_c+M_iscssh_c+M_nadph_c,1335
M_4ppan_c+M_adp_c+M_h_c,634
M_3hdecACP_c+M_nadp_c,514
M_h2o2_c+M_nh4_c+M_pydx5p_c,2270
M_h_c+M_pi_c+M_thmmp_c,2558
M_ACP_c+M_co2_c+M_opmeACP_c,690
M_kdo2lipid4_e,2713
M_cgly_c+M_h2o_c,1556
M_3c4mop_c+M_h_c,487
M_atp_c+M_glcn_c,1366
M_aacoa_c+M_h_c+M_nadh_c,745
M_adp_c+M_gln_DASH_L_c+M_h_c+M_pi_c,924
2.0_M_h2o_c+M_h_c+M_ppbng_c,65
M_12dgr140_p+M_pi_p,159
M_feenter_p+M_h_c,1983
M_datp_c+2.0_M_flxso_c+M_h2o_c,1751
M_lac_DASH_L_e,2723
M_h2o_p+M_murein4px4px4p_p,2407
M_adp_c+M_h_c+M_pg140_p+M_pi_c,988
M_2ombzl_c,446
M_1ddecg3p_c+M_ddcaACP_c,232
1.5_M_o2_c+M_pppg9_c,2
M_2amsa_c+M_h_c+M_nadph_c,365
M_adp_c+M_dgdp_c,893
M_ddcacoa_c+M_h2o_c,1791
M_2agpe140_c+M_h2o_c,300
M_ade_e,845
M_amp_c+M_gtp_c,1168
M_acolipa_p+M_udcpp_p,825
M_2omhmbl_c+M_amet_c,451
M_damp_c+M_h_c+M_ppi_c,1750
M_gua_c+M_prpp_c,2261
M_3ocpalm9eACP_c+M_ACP_c+M_co2_c,556
M_atp_c+M_h2o_c+M_pheme_c,1438
M_adp_c+M_asn_DASH_L_c+M_h_c+M_pi_c,866
M_1ddecg3p_p+M_ddca_p+M_h_p,234
M_cmp_c+M_h_c+M_pgp161_c,1612
M_gthrd_p,2248
2.0_M_h_c+M_mobd_c+M_mptamp_c,77
M_h_p+M_idon_DASH_L_p,2602
M_2tdec7eg3p_p+M_ttdcea_p,472
M_adp_c+M_h_c+M_phhlipa_c,1002
2.0_M_h2o_c+M_trdox_c,68
M_adp_c+M_h_c+M_pg160_p+M_pi_c,990
M_nh4_c+M_xan_c,2845
M_LalaDgluMdapDala_c+M_h2o_c,724
M_uacmamu_c+M_unaga_c,2988
M_h2o_c+M_udcpdp_c,2390
M_h2o_p+M_murein5p4p_p,2409
M_adp_c+M_h_c+M_pi_c+M_spmd_c,1009
M_cd2_c,1516
M_hexACP_c+M_nad_c,2662
M_gdp_c+M_h_c+M_man1p_c,2080
2.0_M_h_c+M_nad_c+M_nadph_c,81
M_23dhdp_c+2.0_M_h2o_c+M_h_c,277
M_2agpg140_p+M_h_p+M_ttdca_p,337
M_h2o_c+M_pdx5p_c,2339
M_h2s_c,2443
M_accoa_c+M_co2_c+2.0_M_flxr_c+M_h_c,782
M_pi_c+M_uri_c,2903
M_adp_c+M_h_c+M_nadp_c,959
M_acetol_c+M_h_c+M_nadh_c,802
M_3ocddec5eACP_c+M_h_c+M_nadph_c,553
M_ala_DASH_D_c+M_anhm3p_c,1094
M_amp_c+M_hdeACP_c+M_ppi_c,1183
M_cys_DASH_L_e,1732
M_ddca_c+M_g3pe_c+M_h_c,1784
M_1tdec7eg3p_p+M_h2o_p,263
M_h_p+M_pa141_p+M_pg141_p,2626
M_h_p+M_ptrc_p,2635
M_4abut_c+M_co2_c,600
M_h2o_c+4.0_M_ppbng_c,2281
M_clpn160_p+M_glyc_p,1584
2.0_M_flxso_c+M_nadph_c,58
M_3pg_c+M_nad_c,593
M_ac_c+M_na1_c,761
M_2ommbl_c+2.0_M_atp_c+3.0_M_h2o_c+M_nad_c,453
M_3hcvac11eACP_c+M_nadp_c,506
M_adp_c+M_h_c+M_mg2_c+M_pi_c,957
M_2cpr5p_c,370
M_atp_c+M_h2o_c+M_pgp120_c,1431
M_h2o_p+M_murein4p4p_p,2405
M_fadh2_c+M_hx2coa_c,1943
M_anhgm3p_c+M_h2o_c,1210
M_h_c+M_nadh_c+M_tddec2eACP_c,2515
M_etha_p+M_h_p,1905
M_2dr5p_c,402
M_ala_DASH_L_c,1110
M_atp_c+M_pi_c,1464
M_glcn_p,2113
M_h_c+M_uri_c,2592
M_h_c+M_nadph_c+M_tpalm2eACP_c,2539
2.0_M_cpgn_c+M_fmnh2_c,34
M_1pyr5c_c+M_h2o_c+M_h_c,259
M_h2o_p+M_murein5px4p_p,2412
M_h2o_p+M_murein5p3p_p,2408
M_h_p+M_ser_DASH_L_p,2638
M_cytd_e,1741
M_atp_c+M_gdp_c,1363
M_fadh2_c+2.0_M_feenter_c,1938
M_gly_c+M_nad_c+M_thf_c,2155
M_cmp_c+M_h_c+M_ps141_c,1618
M_atp_c+M_cobalt2_c+M_h2o_c,1317
M_3hbcoa_c+M_nad_c,498
M_etoh_e,1908
M_cdpdtdec7eg_c+M_glyc3p_c,1548
M_12dgr161_c+M_atp_c,171
2.0_M_h_c+M_mlthf_c+M_nadh_c,76
M_ac_c+M_u3hga_c,764
M_2p4c2me_c+M_adp_c+M_h_c,462
M_alac_DASH_S_c+M_co2_c,1133
M_icolipa_c+M_udpg_c,2690
M_1ddecg3p_c+M_ACP_c,231
M_pi_c+M_pydxn_c,2896
M_3omrsACP_c+M_h_c+M_nadph_c,575
M_h2o_c+M_pgp160_c,2344
M_nadh_c+M_nadp_c,2821
M_arg_DASH_L_p+M_atp_c+M_h2o_c,1257
M_spmd_e,2959
M_cmp_c+M_gdp_c+M_h_c,1603
M_atp_c+M_h2o_c+M_zn2_p,1448
M_2dda7p_c+M_pi_c,373
M_2agpg141_p,341
M_dudp_c+M_grxox_c+M_h2o_c,1863
M_adp_c+M_h_c+M_phom_c,1003
M_enter_e,1892
M_mn2_c,2767
M_1agpg180_p+M_h2o_p,227
M_2sephchc_c+M_co2_c,466
M_gmp_c+2.0_M_h_c+M_nadph_c,2228
M_glu_DASH_L_c+M_pyr_c,2136
M_3c3hmp_c+M_coa_c+M_h_c,486
M_fadh2_c+2.0_M_fe3_c,1935
M_atp_c+M_cbl1_c+M_h_c,1298
M_adp_c+M_h_c+M_pydx5p_c,1020
M_glutrna_c+M_h_c+M_nadph_c,2146
M_cdpdhdec9eg_c+M_glyc3p_c,1532
M_glyclt_c+M_mqn8_c,2211
M_atp_c+M_gthrd_p+M_h2o_c,1386
2.0_M_h_c+M_mg2_p,75
M_2shchc_c,467
M_h_c+M_lcts_c,2474
M_cdpdodecg_c+M_ppi_c,1546
M_1tdecg3p_c+M_myrsACP_c,267
M_2agpg181_p,361
M_3haACP_c+M_nadp_c,496
M_LalaDgluMdapDala_c+M_adp_c+M_h_c+M_pi_c,720
M_akg_c+M_coa_c+M_nad_c,1069
M_cys_DASH_L_c+M_sufse_c,1731
M_dtdp_c+M_h_c+M_icolipa_c,1853
M_arbtn_e+M_h_c,1247
M_12ppd_DASH_S_p,194
M_co2_c+M_pan4p_c,1642
M_h2o_c+M_mdhdhf_c,2306
M_h_c+M_mqn8_c+M_nadph_c,2495
M_6pgl_c+M_h_c+M_nadph_c,676
M_dhap_c+M_q8h2_c,1815
5.0_M_h_c+2.0_M_moadcoo_c+M_mpt_c,138
M_h_c+M_hom_DASH_L_p,2455
M_atp_c+M_gmp_c,1382
M_2mahmp_c+M_adp_c,423
M_cobalt2_p,1682
M_co2_p+M_h_p+M_mql8_c,1656
M_adp_c+M_h_c+M_pe161_p+M_pi_c,983
M_gtspmd_c+M_h2o_c,2257
M_2agpe160_c,308
M_h2o_c+M_imp_c+M_nad_c,2295
M_1hdec9eg3p_c+M_h_c+M_pi_c,237
M_fad_c+2.0_M_fe2_c+2.0_M_feoxam_DASH_un_c+2.0_M_h_c,1918
M_nadp_c+M_octeACP_c,2825
M_kdo2lipid4L_c+M_myrsACP_c,2712
M_1agpe181_p+M_h2o_p,215
M_atp_c+M_coa_c+M_h_p+M_hxa_p,1309
M_asn_DASH_L_p+M_atp_c+M_h2o_c,1266
M_h_p+M_lys_DASH_L_c,2613
M_pran_c,2919
M_eca2und_p+M_h_p+M_udcpdp_p,1879
M_atp_c+M_co2_c+M_dann_c,1304
M_ac_c+M_gam6p_c,757
M_hexACP_c+M_nadp_c,2663
M_ACP_c+M_h_c+M_ttdca_c,697
M_LalaDgluMdapDala_p+M_anhgm_p,727
M_23dhb_c+M_ser_DASH_L_c,274
M_ala_DASH_D_p+M_murein4p3p_p,1104
M_dhap_c+M_pyr_c,1814
M_orot5p_c+M_ppi_c,2866
M_ala_DASH_D_c,1092
M_h_c+M_nadh_c+M_ohpb_c,2504
M_mal_DASH_L_c+M_mqn8_c,2738
M_atp_c+M_h2o_c+M_mobd_p,1405
M_acorn_c+M_h2o_c,828
M_adp_c+M_h_c+M_pe140_p+M_pi_c,980
M_4r5au_c+M_db4p_c,638
2.0_M_h_c+M_nadh_c+M_sucglu_c,83
M_atp_c+M_glc_DASH_D_c,1364
M_h2o_c+M_hdcap_c,2282
M_5mtr_p,666
M_adp_c+M_eca4colipa_e+M_h_c+M_pi_c,902
M_dgtp_c+M_h2o_c,1801
M_glyc_DASH_R_p+M_h_p,2203
M_h_c+M_palmACP_c+M_pi_c,2552
M_acgam1p_c+M_h_c+M_utp_c,810
M_6pgc_c+M_nadp_c,674
2.0_M_h_c+M_prpp_c+M_quln_c,91
M_h2o_c+M_kdo8p_c,2299
M_3c4mop_c+M_h_c+M_nadh_c,488
M_4ampm_c+2.0_M_for_c+3.0_M_h_c+M_nadh_c,614
M_clpn160_p+M_h2o_p,1585
M_asp_DASH_L_c+M_atp_c+M_nh4_c,1275
M_datp_c+M_h2o_c+M_h_c,1753
M_1agpe140_p+M_h2o_p,205
M_nad_c+M_quin_c,2814
M_glyc3p_c+M_h2o_c,2171
M_5mta_c+M_h2o_c,659
M_lys_DASH_L_p,2736
M_h2o_c+M_hdcoa_c,2284
M_glyc3p_c+M_myrsACP_c,2176
M_h_c+M_nadh_c+M_t3c9palmeACP_c,2514
M_ACP_c+M_pa140_c,711
M_h2o_c+M_u23ga_c,2387
M_feoxam_p+M_h_c,1990
M_gtp_c+M_ppi_c,2255
M_fad_c+2.0_M_fe2_c+2.0_M_fe3hox_DASH_un_c+2.0_M_h_c,1916
M_meoh_p,2755
M_adp_c+M_h_c+M_pa181_c,975
M_thr_DASH_L_p,2969
M_glycogen_c,2220
M_atp_c+M_f6p_c,1345
M_atp_c+M_fpram_c,1358
M_dhor_DASH_S_c+M_fum_c,1821
M_h2o_c+M_u3aga_c,2388
M_ddcaACP_c+M_kdo2lipid4_c,1780
M_pg160_p+M_pi_p,2882
M_acolipa_p+M_atp_c+M_h2o_c,824
M_h_c+M_imp_c+M_ppi_c,2465
M_amp_c+2.0_M_h_c+M_r5p_c,1154
M_3opalmACP_c+M_h_c+M_nadph_c,585
M_atp_c+M_h2o_c+M_pe160_c,1420
M_cytd_c+M_gtp_c,1736
M_adp_c+M_dcdp_c,891
M_12dgr140_c+M_atp_c,156
M_co2_c+M_ptrc_c,1651
M_LalaDgluMdap_p,737
M_cpgn_DASH_un_p+M_h_c,1693
M_h_p+M_thym_c,2644
M_atp_c+M_cdp_c,1301
M_atp_c+M_gln_DASH_L_c+M_h2o_c+M_utp_c,1367
M_1tdec7eg3p_c+M_h_c+M_pi_c,261
M_2dr1p_c+M_thym_c,400
M_adp_c+M_h_c+M_lipidA_c,953
M_dump_c+M_mlthf_c,1867
M_ppa_c+M_succoa_c,2907
M_12dgr160_c,165
M_enter_p+M_h_c,1895
M_h2o_p+M_pa180_p,2419
M_ap4a_c+M_h2o_c,1230
M_gmeACP_c+M_nadp_c,2223
M_asp_DASH_L_c+2.0_M_h_c,1270
M_dha_c+M_pep_c,1805
M_myrsACP_c+M_nad_c,2795
M_1ddecg3p_p+M_h2o_p,235
M_adp_c+M_air_c+2.0_M_h_c+M_pi_c,859
M_ctbt_p+M_h_p,1711
M_3htdcoa_c+M_nad_c,541
M_anhgm4p_p+M_h2o_p,1217
M_f6p_c+M_gln_DASH_L_c,1912
M_hpmeACP_c,2675
M_pyam5p_c+M_pyr_c,2929
M_cpmp_c+M_ppi_c,1699
M_gua_c,2258
M_ala_DASH_D_p,1100
M_adp_c+M_trdrd_c,1034
M_cmp_c+M_h_c+M_kphphhlipa_c,1607
M_amp_c+M_ppi_c+M_tdeACP_c,1209
M_ACP_c+M_atp_c+M_ttdcea_c,689
M_adocbl_c+M_pppi_c,856
M_h_p+M_novbcn_p,2623
M_h_c+M_lald_DASH_D_c+M_nadh_c,2472
M_uacgam_c,2984
M_4fe4s_c+M_sufbcd_c,624
M_grxrd_c+M_paps_c,2238
M_accoa_c+M_gly_c,791
M_icit_c+M_nadp_c,2689
M_nadp_c+M_ocACP_c,2823
M_amob_c+M_dann_c,1151
M_ddcaACP_c+M_h_c+M_malACP_c,1778
M_h2o_c+M_metsox_DASH_S_DASH_L_c,2310
M_h2o_c+M_thmpp_c,2377
M_cdpdhdecg_c+M_glyc3p_c,1536
M_ptrc_p,2928
M_arab_DASH_L_p+M_h_p,1240
M_dhap_c+M_e4p_c,1809
2.0_M_pg141_p,101
M_dgdp_c+M_h2o_c+M_trdox_c,1795
M_h2o2_c+M_met_DASH_L_c,2268
M_anhgm4p_c+M_h2o_c,1215
M_2dmmq8_c+M_glyclt_c,384
M_dtdpglu_c+M_ppi_c,1856
M_26dap_DASH_M_c+M_h_c,292
M_atp_c+M_h2o_c+M_so4_p,1443
M_ac_c+2.0_M_h_c+M_nadph_c,752
M_cdpdodec11eg_c+M_h2o_c,1541
4.0_M_h_c+M_mqn8_c+M_nadh_c,133
M_dctp_c+M_h2o_c+M_h_c,1771
M_meoh_c,2752
M_nh4_c+M_ura_c,2843
M_cmp_c+M_h_c+M_pgp120_c,1608
M_coa_c+M_pyr_c,1676
M_4adcho_c+M_glu_DASH_L_c,613
M_2ddg6p_c,378
M_h_c+M_hxa_c,2458
M_h_c+M_ni2_p,2543
M_fad_c+M_ppi_c,1928
M_gg4abut_c+2.0_M_h_c+M_nadph_c,2089
M_na1_c+M_ser_DASH_L_c,2798
M_2tdecg3p_p,475
M_arg_DASH_L_p,1256
M_gua_c+M_h_c,2260
M_thr_DASH_L_e,2968
M_ddcap_c+M_glyc3p_c,1792
M_13dpg_c+M_h_c+M_nadh_c,196
M_h_c+M_nadph_c+M_tddec2eACP_c,2533
M_amp_c+M_iscs_c+M_moadcosh_c+M_nad_c,1184
M_nad_c+M_pdx5p_c,2809
2.0_M_ala_DASH_D_c,11
M_glyc3p_c+M_palmACP_c,2182
M_glyc3p_c+M_octeACP_c,2181
M_26dap_DASH_LL_c+M_succ_c,288
M_2hdecg3p_c+M_h2o_c,418
M_dutp_c+M_h2o_c,1871
M_epmeACP_c+M_h_c+M_nadph_c,1898
M_gthrd_c+M_h_c+M_lac_DASH_D_c,2244
M_dhf_c+M_dtmp_c,1816
M_leu_DASH_L_p,2728
M_2agpg180_c,353
2.0_M_h_c+M_pheme_c,88
M_urea_c,2999
M_glyald_p,2163
M_h_c+M_mmcoa_DASH_S_c,2491
M_co2_c+M_ppcoa_c,1650
M_dad_DASH_2_c+M_h2o_c+M_h_c,1744
M_atp_c,1296
M_gam6p_c+M_glu_DASH_L_c,2076
M_adp_c+M_fpram_c+M_glu_DASH_L_c+M_h_c+M_pi_c,916
M_csn_c+M_rib_DASH_D_c,1709
M_glu5sa_c,2122
M_cys_DASH_L_c+M_gly_c,1727
M_h_p+M_leu_DASH_L_p,2612
M_adp_c+M_dhf_c+M_h_c+M_pi_c,895
M_atp_c+M_h_c+M_nmn_c,1452
M_glyclt_c+M_na1_c,2212
M_imp_c+M_nadp_c+M_nh4_c,2697
M_bmoco1gdp_c+M_ppi_c,1489
M_h_c+M_nadh_c+M_xmp_c,2524
M_atp_c+M_h2o_c+M_pgp181_c,1437
M_2agpe181_c,323
M_cdpdddecg_c+M_ser_DASH_L_c,1531
M_adp_c+M_h_c+M_phphhlipa_c,1004
M_h2o_c+M_hdeACP_c,2286
M_adp_c+M_h_c+M_pa140_c,965
M_clpn120_p+M_glyc_p,1578
M_acald_c+M_coa_c+M_nad_c,770
M_2agpg161_c+M_atp_c+M_hdcea_c,349
M_acald_c,769
M_adp_c+M_ctp_c+M_glu_DASH_L_c+2.0_M_h_c+M_pi_c,885
M_atp_c+M_dtdp_c,1339
M_2agpe140_p+M_h_p+M_ttdca_p,302
M_glu_DASH_L_c+M_sucsal_c,2140
M_h2o_p+M_pg160_p,2431
M_nadp_c+M_ser_DASH_L_c,2833
M_eig3p_c,1888
M_atp_c+M_dnad_c+M_nh4_c,1337
M_2fe2s_c+M_amet_c+M_dtbt_c,407
M_adp_c+M_arbtn_DASH_fe3_c+M_h_c+M_pi_c,864
M_35cgmp_c+M_ppi_c,480
M_3hhdcoa_c,517
M_atp_c+M_h2o_c+M_pg140_c,1425
M_crn_DASH_D_p+M_crn_c,1703
M_h_c+M_melib_p,2488
M_mn2_e,2768
M_asp_DASH_L_p+M_atp_c+M_h2o_c,1288
M_orot_c+M_q8h2_c,2868
M_fadh2_c+2.0_M_feoxam_c,1939
M_fecrm_DASH_un_p+M_h_p,1976
M_dcmp_c+M_h2o_c,1767
M_atp_c+M_pydxn_c,1471
M_acglu_c+M_coa_c+M_h_c,819
M_h_c+M_nadh_c+M_t3c7mrseACP_c,2513
M_1agpg120_p+M_ddca_p+M_h_p,217
M_cmp_c+2.0_M_h_c+M_pa141_c,1598
M_3oodcoa_c+M_h_c+M_nadh_c,583
M_co2_c+M_pe161_c,1647
M_3hoctACP_c+M_nadp_c,528
M_atp_c+M_man_c,1461
M_atp_c+M_cu2_c+M_h2o_c,1325
M_asp_DASH_L_c+M_cbp_c,1276
M_glyc3p_c+M_hdcap_c,2172
M_3hddcoa_c,509
M_4abut_c+M_h_c,603
M_25drapp_c+M_for_c+2.0_M_h_c+M_ppi_c,285
M_nadp_c+M_thdp_c,2836
M_urea_e,3000
M_akg_c+M_phe_DASH_L_c,1078
M_glc_DASH_D_c+M_maltttr_c,2103
M_2agpe120_p,296
M_h2o_p+M_murein4p3p_p,2404
M_4per_c+M_nad_c,633
M_asp_DASH_L_p+M_nh4_p,1290
M_amp_c+M_ocACP_c+M_ppi_c,1187
M_cytd_c+M_h2o_c+M_h_c,1738
M_for_p,2002
M_gly_c+M_na1_c,2154
M_ckdo_c+M_ppi_c,1575
M_atp_c+M_dgdp_c,1333
M_adp_c+M_h_c+M_pi_c+M_ugmd_c,1013
M_anhgm_p+M_h_p,1224
M_oaa_c+M_q8h2_c,2858
M_s7p_c,2951
M_adp_c+M_glu5p_c,925
M_2agpg141_p+M_h_p+M_ttdcea_p,342
M_xu5p_DASH_D_c,3011
M_agm_p,1052
M_arab_DASH_L_c+M_h_p,1237
M_ACP_c+M_atp_c+M_ocdcea_c,686
M_h2o_c+M_utp_c,2396
M_4abz_c+M_6hmhptpp_c,610
3.0_M_23dhbzs_c+3.0_M_h_c,109
M_1agpe161_p+M_h2o_p,211
M_ahcys_c+M_h_c+M_met_DASH_L_c,1056
M_ctp_c+M_h_c+M_pa141_c,1717
M_h_c+M_ocdcaACP_c+M_pi_c,2548
M_pi_c+M_thymd_c,2900
M_dgdp_c+M_grxox_c+M_h2o_c,1794
M_amp_c+M_argsuc_c+M_h_c+M_ppi_c,1155
M_adphep_DASH_DD_c,1039
M_atp_c+M_fe2_p+M_h2o_c,1348
M_hdcoa_c,2656
M_adp_c+M_h_c+M_pe120_p+M_pi_c,979
M_co2_c+M_h2o_c+M_phpyr_c,1632
M_glu1sa_c,2119
M_1hdec9eg3p_p+M_h_p+M_hdcea_p,240
M_amp_c+M_pg140_c+M_ppi_c,1200
M_3hcvac11eACP_c,505
M_asn_DASH_L_p+M_h_p,1268
M_adp_c+M_glyc3p_c+M_h_c+M_pi_c,929
M_colipap_e,1688
M_LalaDgluMdap_p+M_anhgm_p,739
M_fum_c+M_q8h2_c,2017
M_glyald_e,2162
M_atp_c+M_h_c+M_ser_DASH_L_c,1455
M_malthx_c+M_pi_c,2746
M_amp_c+M_ocdcaACP_c+M_ppi_c,1188
M_pg181_p+M_pi_p,2888
M_1agpg180_p+M_h_p+M_ocdca_p,228
M_adp_c+M_pi_c+M_ppcoa_c,1027
M_1hdecg3p_p+M_h_p+M_hdca_p,245
M_LalaDgluMdap_c+M_anhgm_c,732
M_h2o_c+M_hisp_c,2287
2.0_M_pg161_p,103
M_h_c+M_udp_c+M_unagamu_c,2590
M_acser_p,833
M_fad_c+M_h_c+M_nadph_c,1923
M_3dhq_c,489
M_1hdecg3p_c+M_palmACP_c,243
M_g6p_c+M_h2o_c,2068
2.0_M_adp_c+2.0_M_h_c,8
M_dutp_c+2.0_M_flxso_c+M_h2o_c,1870
M_2omph_c+0.5_M_o2_c,455
M_pheme_e,2891
M_pyr_c+M_q8h2_c,2930
M_h_c+M_nadh_c+M_o2_c+M_ura_c,2502
2.0_M_pg160_p,102
M_glyc3p_p+M_h_p+M_hdcea_p,2192
M_acACP_c+M_co2_c,748
M_ggbutal_c+M_h2o2_c+M_nh4_c,2093
M_3ohcoa_c+M_h_c+M_nadh_c,569
M_3hhdcoa_c+M_nad_c,518
M_5aizc_c,641
M_adp_c+M_coa_c+M_h_c,874
M_amp_c+M_pg160_c+M_ppi_c,1202
M_h_p+M_phe_DASH_L_p,2631
M_glyc3p_c+M_ocdcap_c,2179
M_accoa_c+M_occoa_c,797
M_23dhdp_c+M_h_c+M_nadph_c,278
M_h2o_c+M_toct2eACP_c,2379
M_h2o_c+M_tmrs2eACP_c,2378
M_g1p_c+M_maltttr_c,2026
M_1agpg181_p+M_h_p+M_ocdcea_p,230
M_ddcap_c+M_h2o_c,1793
M_h2o_c+M_pa161_c,2334
M_ppcoa_c+M_succ_c,2908
M_2tdecg3p_p+M_ttdca_p,476
M_2ddecg3p_c+M_h2o_c,375
M_adp_c+M_fad_c+7.0_M_h_c+M_pi_c+M_sufbcd_DASH_2fe2s_c+2.0_M_sufse_c,906
4.0_M_h_c+0.5_M_o2_c+M_q8h2_c,129
M_ACP_c+M_lipa_cold_c,705
M_LalaDglu_c,741
M_adp_c+M_h_c+M_pgp180_p+M_pi_c,999
M_clpn120_p+M_h2o_p,1579
M_fadh2_c+M_nad_c,1944
M_h2o2_c+M_oaa_c,2271
M_adphep_DASH_LD_c+M_hlipa_c,1043
M_h_c+M_mqn8_c+M_nadh_c,2494
M_o2_e,2856
M_ala_DASH_D_c+M_anhgm3p_c,1093
M_adp_c+M_h_c+M_pa120_p+M_pi_c,964
M_cdp_c+M_trdrd_c,1527
M_dcacoa_c+M_fad_c,1761
M_1odec11eg3p_p+M_h2o_p,249
M_h2o_p+M_pgp160_p,2438
M_ddcaACP_c+M_nad_c,1781
M_asp_DASH_L_p+M_h_p,1289
M_acmum6p_c+M_adp_c+M_h_c,820
M_akg_p,1088
M_arg_DASH_L_e,1255
M_amet_c+M_malcoa_c,1145
M_ins_c+M_pi_c,2704
M_phe_DASH_L_p,2890
M_12dgr140_p,158
M_xtsn_p,3010
M_g3pg_p+M_h_p+M_hdca_p,2060
M_26dap_DASH_M_c,289
M_glyc_c+M_nad_c,2205
2.0_M_pg181_p,105
M_h2o_c+M_nad_c,2313
M_dcaACP_c+M_h2o_c,1757
M_dhap_c+M_iasp_c,1812
M_h2o_c+M_pmeACP_c,2349
M_murein5p5p_p,2793
M_clpn140_p+M_h2o_p,1581
M_5aprbu_c+M_h2o_c,644
M_ACP_c+M_atp_c+M_ocdca_c,685
M_glx_c+M_h_c+M_nadph_c,2148
M_atp_c+M_cpgn_p+M_h2o_c,1321
M_adp_c+M_cys_DASH_L_c+M_h_c+M_pi_c,887
M_cpgn_p+M_h_c,1697
M_acser_e,832
M_ACP_c+M_hdceap_c,701
M_ala_DASH_L_p+M_h_p,1122
M_acg5sa_c+M_h2o_c,807
M_5dglcn_c+M_h_c+M_nadph_c,652
M_3oddcoa_c+M_coa_c,562
M_2agpg120_c,328
M_ahcys_c+M_h_c+M_mql8_c,1057
M_cmp_c+M_h_c+M_pgp140_c,1609
M_hdeACP_c+M_nadp_c,2660
M_2agpe180_p+M_h_p+M_ocdca_p,322
M_2agpg161_p+M_h_p+M_hdcea_p,352
M_h2o_c+M_malthp_c,2302
2.0_M_adp_c,7
M_cbm_c+2.0_M_h_c,1512
M_2mahmp_c+M_4mpetz_c+M_h_c,422
M_h_c+M_ptrc_c,2572
2.0_M_ahcys_c+M_dscl_c+M_h_c,10
M_ACP_c+M_h_c+M_u23ga_c,699
M_3hpp_p,538
2.0_M_h_c+M_hdca_c+M_pi_c,70
M_ac_c+M_orn_c,763
M_nadp_c+M_tdeACP_c,2835
M_fe2_p+M_h_p,1960
M_alltn_e,1138
M_atp_c+2.0_M_flxr_c+2.0_M_h_c,1297
M_gdpmann_c+M_pi_c,2087
M_argsuc_c,1261
M_arg_DASH_L_p+M_orn_c,1260
M_udcpp_c+M_ugmda_c,2992
M_23dhb_c+M_atp_c+M_h_c,272
M_h_c+M_pi_c,2554
M_3oocoa_c+M_coa_c,576
M_actp_c+M_adp_c,836
M_cbp_c+M_orn_c,1514
M_cmp_c+M_h_c+M_ps160_c,1619
M_atp_c+M_nad_c,1462
M_adp_c+M_dctp_c,892
M_adp_c+M_ala_DASH_L_c+M_h_c+M_pi_c,860
M_adp_c+M_dutp_c,901
M_adp_c+M_h_c+M_lipa_p+M_pi_c,952
M_alltn_c+M_h_c,1137
M_atp_c+M_damp_c,1330
M_3hdcoa_c,507
M_co2_c+M_nadh_c+M_pyr_c,1635
M_amet_c+M_hcys_DASH_L_c,1144
M_1hdec9eg3p_c+M_hdeACP_c,238
M_h2o_c+M_histd_c+2.0_M_nad_c,2288
M_6pgc_c+M_adp_c+M_h_c,672
M_glu_DASH_L_c,2125
M_h2o_c+M_oaa_c+M_ppcoa_c,2322
8.0_M_ppi_c+M_udcpdp_c,143
M_ddcaACP_c+M_h_c+M_pi_c,1779
M_ametam_c+M_ptrc_c,1149
M_accoa_c+M_atp_c+M_hco3_c,780
M_4c2me_c+M_atp_c,617
M_lac_DASH_D_p,2720
M_amp_c+M_itp_c,1185
M_1agpe141_p+M_h_p+M_ttdcea_p,208
M_3hpalmACP_c,533
M_arg_DASH_L_c+M_h_p,1252
M_g3pg_p,2058
M_h2o_p+M_pe140_p,2422
M_h2o_c+M_pap_c,2338
M_3hbcoa_c,497
M_atp_c+M_h2o_c+M_val_DASH_L_p,1446
M_atp_c+M_h2o_c+M_ni2_c,1407
M_dgtp_c+2.0_M_flxso_c+M_h2o_c,1800
M_g3pg_p+M_h_p+M_ttdca_p,2064
M_dxyl5p_c+M_nad_c+M_phthr_c,1874
M_adp_c+M_cbp_c+2.0_M_h_c,869
M_akg_c+M_val_DASH_L_c,1086
M_ala_DASH_L_c+M_pydx5p_c,1117
M_glcn_p+M_h_p+M_q8h2_c,2115
M_h2o_c+M_pa180_c,2335
M_glyclt_p,2217
M_ACP_c+M_hdcap_c,700
M_h_c+M_nadph_c+M_uaccg_c,2541
M_dcyt_c+M_pi_c,1773
M_alltt_c+2.0_M_h2o_c+2.0_M_h_c,1141
M_accoa_c+M_pmtcoa_c,799
M_din_c+M_pi_c,1833
M_dtdp4aaddg_c+M_unagamu_c,1847
M_3mob_c+M_accoa_c+M_h2o_c,545
M_ru5p_DASH_D_c,2949
M_thymd_e,2972
M_ap4a_c+M_ppi_c,1231
M_3hhcoa_c+M_nad_c,516
M_adp_c+M_glucys_c+M_h_c+M_pi_c,927
M_h2o_p+M_pgp181_p,2441
2.0_M_fecrm_c+M_rbflvrd_c,49
M_atp_c+M_glyc_DASH_R_c,1378
M_cm_e+M_h_c,1593
M_3oddcoa_c+M_h_c+M_nadh_c,563
M_adp_c+M_dttp_c,899
M_alaala_p+M_murein3px4p_p,1130
M_acgam_c+M_atp_c,817
M_h2o_c+M_sucbz_c,2363
2.0_M_h_c+M_lipidX_c+M_ump_c,73
M_h2o_p+M_pa161_p,2418
2.0_M_glc_DASH_D_c,59
M_ctp_c+M_kdo_c,1722
M_co2_c+M_pe140_c,1644
M_adp_c+M_h_c+M_pi_c+M_thr_DASH_L_c,1010
M_12dgr120_c+M_atp_c,151
M_accoa_c+M_gam1p_c,788
M_cytd_c+M_pi_c,1740
M_alaala_c+M_atp_c+M_ugmd_c,1124
M_atp_c+M_glu_DASH_L_p+M_h2o_c,1374
M_h_c+M_nadph_c+M_q8_c,2527
M_cbl1_p+M_h_c,1511
M_3php_c+M_h_c+M_nadh_c,595
M_h2o_c+M_odecoa_c,2329
M_ACP_c+M_kdo2lipid4L_c,702
M_2odecg3p_p,441
M_dump_c+M_h_c+M_ppi_c,1866
M_ppi_c+M_udpg_c,2915
M_g3pg_p+M_h_p+M_ttdcea_p,2065
M_gln_DASH_L_c+M_h2o_c+M_prpp_c,2117
M_atp_c+M_coa_c+M_h_p+M_ttdcea_p,1313
M_duri_c+M_nh4_c,1868
M_udcpp_c+M_udpLa4fn_c,2991
M_4hbz_c+M_octdp_c,625
M_2agpe140_p,301
M_13dpg_c+M_adp_c,195
M_5dglcn_e,653
M_gly_p+M_h_p,2158
M_12dgr180_p+M_pi_p,180
M_pi_p,2906
M_dcacoa_c+M_h2o_c,1762
M_tdecoa_c,2966
M_adphep_DASH_LD_c+M_phhlipa_c,1045
M_atp_c+M_coa_c+M_sucbz_c,1315
M_novbcn_p,2853
M_h_c+M_ile_DASH_L_c,2464
M_12dgr160_c+M_pi_c,167
M_ahdt_c+M_for_c+M_h_c,1060
M_amp_c+M_h_c,1170
M_o2_c,2854
M_ddcaACP_c+M_glyc3p_c,1776
M_10fthf_c+M_aicar_c,145
M_glx_c+M_h_c+M_nadh_c,2147
M_uLa4n_c,2982
M_2ohph_c+2.0_M_adp_c+3.0_M_h_c+M_nadh_c+2.0_M_pi_c,444
M_for_p+2.0_M_h_c+M_mqn8_c,2003
M_glc_DASH_D_e,2105
M_2agpe141_p+M_h_p+M_ttdcea_p,307
M_cmp_c+2.0_M_h_c+M_pa140_c,1597
M_12dgr120_c,150
M_clpn140_p+M_glyc_p,1580
M_dc2coa_c+M_fadh2_c,1755
M_co2_c+2.0_M_nh4_c+M_urdglyc_c,1626
M_glu_DASH_L_c+M_sl2a6o_c,2137
M_glyclt_p+M_na1_p,2219
M_2oph_c+0.5_M_o2_c,458
M_3hoctaACP_c+M_nadp_c,530
M_h_p+M_trp_DASH_L_p,2646
M_h2o_c+2.0_M_nad_c+M_uacmam_c,2278
M_adp_c+M_gtp_c,936
M_nadp_c+M_thf_c,2837
M_2cpr5p_c+M_h_c,371
M_12ppd_DASH_S_c,191
M_3hmrsACP_c+M_uacgam_c,524
M_3amac_c+M_h2o_c+M_nad_c,482
M_amp_c+M_pg181_c+M_ppi_c,1205
M_ile_DASH_L_e,2695
M_h_p+M_zn2_c,2654
M_4abut_c+2.0_M_h_c+M_nadh_c,598
M_2omph_c+M_ahcys_c+M_h_c,457
M_etoh_p,1909
M_adp_c+M_cd2_p+M_h_c+M_pi_c,870
M_oxur_c+M_pi_c,2871
M_atp_c+M_h2o_c+M_pe181_c,1423
0.000223_M_10fthf_c+2.6e-5_M_2fe2s_c+0.000223_M_2ohph_c+0.00026_M_4fe4s_c+0.513689_M_ala_DASH_L_c+0.000223_M_amet_c+0.295792_M_arg_DASH_L_c+0.241055_M_asn_DASH_L_c+0.241055_M_asp_DASH_L_c+54.124831_M_atp_c+0.000122_M_bmocogdp_c+2.0e-6_M_btn_c+0.005205_M_ca2_c+0.005205_M_cl_c+0.000576_M_coa_c+2.5e-5_M_cobalt2_c+0.133508_M_ctp_c+0.000709_M_cu2_c+0.09158_M_cys_DASH_L_c+0.026166_M_datp_c+0.027017_M_dctp_c+0.027017_M_dgtp_c+0.026166_M_dttp_c+0.000223_M_fad_c+0.006715_M_fe2_c+0.007808_M_fe3_c+0.26316_M_gln_DASH_L_c+0.26316_M_glu_DASH_L_c+0.612638_M_gly_c+0.215096_M_gtp_c+48.601527_M_h2o_c+0.094738_M_his_DASH_L_c+0.290529_M_ile_DASH_L_c+0.195193_M_k_c+0.019456_M_kdo2lipid4_e+0.450531_M_leu_DASH_L_c+0.343161_M_lys_DASH_L_c+0.153686_M_met_DASH_L_c+0.008675_M_mg2_c+0.000223_M_mlthf_c+0.000691_M_mn2_c+7.0e-6_M_mobd_c+0.013894_M_murein5px4p_p+0.001831_M_nad_c+0.000447_M_nadp_c+0.013013_M_nh4_c+0.000323_M_ni2_c+0.017868_M_pe160_c+0.045946_M_pe160_p+0.054154_M_pe161_c+0.02106_M_pe161_p+0.185265_M_phe_DASH_L_c+0.000223_M_pheme_c+0.221055_M_pro_DASH_L_c+0.000223_M_pydx5p_c+0.000223_M_ribflv_c+0.215792_M_ser_DASH_L_c+0.000223_M_sheme_c+0.004338_M_so4_c+0.000223_M_thf_c+0.000223_M_thmpp_c+0.253687_M_thr_DASH_L_c+0.056843_M_trp_DASH_L_c+0.137896_M_tyr_DASH_L_c+5.5e-5_M_udcpdp_c+0.144104_M_utp_c+0.423162_M_val_DASH_L_c+0.000341_M_zn2_c,1
M_atp_c+M_fe3_p+M_h2o_c,1349
M_odecoa_c,2861
M_h2o_c+M_t3c11vaceACP_c,2366
M_anhm_c+M_atp_c+M_h2o_c,1227
M_succoa_c,2963
M_h_p+M_k_c,2606
M_atp_c+M_duri_c,1342
M_murein5p5p5p_p,2792
M_fe2_c+M_scl_c,1956
M_hdeACP_c+M_nad_c,2659
M_atp_c+M_gsn_c,1383
M_atp_c+M_r5p_c,1475
M_atp_c+M_cys_DASH_L_p+M_h2o_c,1328
M_atp_c+M_h2o_c+M_lipa_p,1401
M_h_c+M_nadh_c+M_toctd2eACP_c,2520
M_adp_c+M_h_c+M_leu_DASH_L_c+M_pi_c,948
M_akg_e,1087
M_h2o_c+M_tpalm2eACP_c,2381
M_etha_c,1899
M_anhm4p_c+M_h2o_c,1226
2.0_M_3fe4s_c+2.0_M_fe3_c+2.0_M_h2o_c,3
M_2agpg181_p+M_h_p+M_ocdcea_p,362
M_dcaACP_c+M_nadp_c,1760
M_2me4p_c+M_ctp_c+M_h_c,428
M_6pgl_c+M_h2o_c,675
M_hgmeACP_c,2664
M_pyr_e,2933
M_h_c+M_nadph_c+M_tmrs2eACP_c,2536
M_dd2coa_c+M_fadh2_c,1774
2.0_M_feoxam_c+M_fmnh2_c,52
M_for_c+M_h_c+M_thf_c,1998
M_amp_c+M_asn_DASH_L_c+M_glu_DASH_L_c+M_h_c+M_ppi_c,1156
M_2agpg181_c,358
M_arab_DASH_L_c+M_h_c,1236
M_nadp_c+M_pro_DASH_L_c,2829
M_amp_c+M_pg141_c+M_ppi_c,1201
2.0_M_cpgn_c+M_rbflvrd_c,35
M_gam6p_c,2075
M_ca2_p+M_h_c,1503
M_adp_c+M_glyc3p_c+M_h_c,928
M_h2o_c+M_tddec2eACP_c,2372
M_adp_c+M_h_c+M_pg141_p+M_pi_c,989
M_4crsol_c,619
M_adp_c+M_h_c+M_pg180_p+M_pi_c,992
M_h2o_c+M_hxcoa_c,2291
M_adn_c+M_h_c,851
M_2agpg180_p+M_h_p+M_ocdca_p,357
M_for_p+2.0_M_h_c+M_q8_c,2004
M_fad_c+M_stcoa_c,1930
M_co2_c+M_glx_c+2.0_M_nh4_c,1629
M_clpn181_p+M_glyc_p,1590
M_ditp_c+M_nh4_c,1835
M_h_c+M_mincyc_e,2490
M_g3pg_c+M_h2o_c,2050
M_mocogdp_c+M_ppi_c,2775
M_uacgam_c+M_udcpp_c,2986
M_acgam1p_c+M_coa_c+M_h_c,809
M_oxam_c,2870
M_adp_c+M_h_c+M_lipa_cold_e+M_pi_c,949
M_enter_c+M_h_p,1891
M_cbasp_c+M_h_c,1507
M_3dhsk_c+M_h_c+M_nadph_c,493
4.0_M_h_c+M_iscu_DASH_4fe4s_c,132
4.0_M_h_c+M_sufbcd_DASH_4fe4s_c,136
M_atp_c+M_h_c+M_nicrnt_c,1451
M_ACP_c+M_atp_c+M_dca_c,681
M_atp_c+M_udp_c,1482
M_2dr1p_c+M_gua_c,398
M_adp_c+4.0_M_h_p+M_pi_c,857
M_coa_c+M_ppap_c,1675
M_h_c+M_nadh_c+M_q8_c,2508
M_h_c+M_ps180_c,2570
M_3php_c+M_glu_DASH_L_c,594
M_15dap_c+M_co2_c,198
M_atp_c+M_h2o_c+M_pgp180_c,1436
M_adp_c+M_h_c+M_pa180_p+M_pi_c,974
M_adp_c+M_h_c+M_pa160_c,969
M_accoa_c+M_glu_DASH_L_c,789
M_glc_DASH_D_p+M_h2o_p+M_q8_c,2107
M_atp_c+M_h2o_c+M_pg181_c,1430
M_arbtn_DASH_fe3_e+M_h_p,1242
4.0_M_h_c+M_iscu_DASH_2fe2s_c,131
M_adp_c+M_h_c+M_pg120_p+M_pi_c,987
M_fadh2_c+M_hdd2coa_c,1942
M_cmp_c+M_h_c+M_pgp160_c,1611
M_cdpdtdecg_c+M_h2o_c,1553
M_8aonn_c+M_amet_c,678
M_colipa_p+M_eca4und_p,1685
M_idon_DASH_L_e,2693
M_adp_c+M_h_c+M_skm5p_c,1024
M_atp_c+M_h2o_c+M_his_DASH_L_p,1392
M_ala_DASH_L_p+M_na1_p,1123
M_gdp_c+M_grxrd_c,2079
M_h_p+M_xtsn_p,2653
M_pg180_c+M_pi_c,2885
M_h_p+M_pyr_p,2636
M_h_c+M_mthgxl_c+M_nadph_c,2498
M_xtsn_e,3009
M_3amac_c+M_h2o_c+M_h_c,481
M_3hhexACP_c+M_nadp_c,520
M_2odec11eg3p_p,437
M_dimp_c+M_h2o_c,1830
M_fe2_c+M_ppp9_c,1955
M_2mahmp_c+M_h2o_c,424
M_dtdp4d6dm_c+M_h_c+M_nadph_c,1852
M_12dgr180_c+M_pi_c,178
M_dxyl5p_c+M_h_c+M_nadph_c,1873
M_etha_e,1902
M_doxrbcn_p,1843
M_ddca_p+M_glyc3p_p+M_h_p,1789
M_h_c+M_val_DASH_L_c,2593
M_nadh_c+M_poaac_c,2822
M_ppi_c+M_xmp_c,2917
M_idon_DASH_L_c+M_nad_c,2691
M_anhgm4p_p+M_murein4px4p_p,1219
M_arab_DASH_L_p+M_atp_c+M_h2o_c,1238
M_atp_c+M_h2o_c+M_pe140_c,1418
M_glc_DASH_D_p,2106
M_atp_c+M_h2o_c+M_spmd_p,1444
M_fad_c+6.0_M_h_c+2.0_M_iscs_c+M_iscu_DASH_2fe2s2_c,1920
M_fad_c+2.0_M_fe2_c+2.0_M_h_c,1919
M_atp_c+M_co2_c+M_nh4_c,1305
M_nh4_c+M_pyr_c,2842
M_cl_p,1577
M_2agpg161_c,348
M_atp_c+M_ppi_c,1467
M_glyc_p,2208
M_adp_c+M_h_c+M_lipa_e+M_pi_c,951
M_h2o_c+M_pgp180_c,2346
M_3ocmrs7eACP_c+M_h_c+M_nadph_c,555
M_adp_c+M_h_c+M_ni2_p+M_pi_c,961
M_ggptrc_c+M_h2o_c+M_o2_c,2096
M_2agpg160_p,346
M_h_c+M_nadh_c+M_oaa_c,2503
M_kdo8p_c+M_pi_c,2715
M_h_c+M_pphn_c,2560
M_5caiz_c,648
M_1odec11eg3p_c+M_ACP_c,246
M_grxrd_c+M_gthox_c,2237
M_aacoa_c+M_coa_c,744
M_aact_c+M_co2_c,746
M_dttp_c+M_h2o_c,1862
M_atp_c+M_crn_DASH_D_p+M_h2o_c,1322
M_gua_p,2264
M_23dhb_c+M_h_c+M_nadh_c,273
M_mococdp_c+M_ppi_c,2774
2.0_M_feenter_c+M_fmnh2_c,50
M_fad_c+M_tdcoa_c,1932
4.0_M_co2_c+M_cpppg3_c,126
2.0_M_cpgn_c+M_fadh2_c,33
M_2odecg3p_c+M_h2o_c,440
M_dpcoa_c+M_ppi_c,1845
M_indole_p,2702
M_clpn141_p+M_h2o_p,1583
M_h2o2_c+M_pydx5p_c,2272
M_3ig3p_c+M_ser_DASH_L_c,544
M_atp_c+M_h2o_c+M_pg141_c,1426
M_cmp_c+M_h_c+M_kdo2lipid4_c,1605
M_cpgn_DASH_un_e+M_h_c,1692
M_3opalmACP_c+M_ACP_c+M_co2_c,584
M_acgam6p_c+M_adp_c+M_h_c,811
M_h_c+M_so4_c,2577
M_1agpe120_p+M_ddca_p+M_h_p,203
