reaction_id,index
R_3OAR160_b,75
R_CO2tpp_f,482
R_MDDCP4pp,1373
R_LIPACabcpp,1290
R_ANS,326
R_MTHTHFSs,1465
R_DHNCOAT,601
R_HISTP,1164
R_MALt2_2pp,1355
R_HIStex_f,1169
R_DHDPS,595
R_ICL,1208
R_TRE6PH,1987
R_ACOAD2f_f,171
R_3OAS60,96
R_FEOXAMUtex,923
R_NTP10,1535
R_PLIPA2E120pp,1723
R_PHEMEtiex,1683
R_EX_etha_LPAREN_e_RPAREN_,761
R_EX_k_LPAREN_e_RPAREN__b,796
R_ARGtex_b,369
R_PGI_b,1645
R_D_DASH_LACt2pp_b,640
R_ACCOAC,156
R_DNMPPA,622
R_UAGAAT_b,2017
R_FE3HOXR1,892
R_PHEtex_b,1688
R_INDOLEt2pp,1230
R_O2tpp_f,1554
R_2AGPE180tipp,27
R_DDPA,580
R_3HPPtex_b,64
R_DXPRIi,638
R_NTPP8,1547
R_ADSL2r_b,238
R_URItex_b,2066
R_RNTR3c2,1875
R_MOGDS,1449
R_3OAS161,93
R_HEPT3,1156
R_LPLIPAL1G141pp,1312
R_CSND,511
R_Htex_f,1195
R_ARGAGMt7pp_b,358
R_GSPMDA,1099
R_EX_spmd_LPAREN_e_RPAREN_,831
R_ECOAH8_f,691
R_KAS15,1258
R_MLTP2_f,1429
R_DALAt2pp,560
R_LCARS_b,1275
R_TPI_f,1985
R_ATPS4rpp_b,407
R_DOXRBCNtpp,626
R_ADA,210
R_MG2uabcpp,1405
R_ACOAD3f_f,173
R_CYTK1_b,545
R_EAR161x,658
R_GARFT_b,984
R_MALCOAMT,1353
R_PTAr_b,1809
R_TRE6PP,1988
R_GLYALDtpp_f,1047
R_MLDCP2Bpp,1415
R_MOX_f,1452
R_FACOAE180,864
R_PLIPA1G140pp,1710
R_CLPNS161pp_b,466
R_THRt2rpp_b,1965
R_DHNPA2r_b,602
R_EX_glyclt_LPAREN_e_RPAREN_,780
R_PGSA140,1676
R_ACACT2r_b,136
R_FACOAE141,861
R_RBFK,1856
R_UREAtpp_b,2058
R_EX_ala_DASH_D_LPAREN_e_RPAREN_,731
R_GTHRDtex_b,1107
R_ACACT5r_b,142
R_3OAS100,87
R_MG2tpp,1404
R_PIt2rpp_f,1691
R_ACGAMK,158
R_S2FE2ST,1884
R_TMPPP,1983
R_TDPDRE,1945
R_FUSAtpp,950
R_CDPMEK,438
R_FACOAL140t2pp,869
R_ACACT6r_f,145
R_MICITDr_f,1408
R_INSH,1235
R_TREH,1990
R_VALabcpp,2071
R_MOHMT,1450
R_EX_mobd_LPAREN_e_RPAREN__b,811
R_NTPP3,1542
R_PSCVT_f,1791
R_CYTBDpp,535
R_NTPP7,1546
R_AP4AH,329
R_HACD2_f,1134
R_CTBTt2rpp_f,514
R_EX_cu2_LPAREN_e_RPAREN__f,754
R_NADK,1474
R_PGPP141,1665
R_EX_ins_LPAREN_e_RPAREN_,795
R_PLIPA2E180pp,1728
R_INStex_f,1241
R_GLYCtpp_b,1074
R_LPLIPAL1G181pp,1316
R_NI2uabcpp,1511
R_CHORM,442
R_ADNt2rpp_b,229
R_CLtex_b,473
R_ACLS,165
R_ADSL1r_f,237
R_EX_zn2_LPAREN_e_RPAREN__f,845
R_HSST,1182
R_HISt2rpp_b,1166
R_EX_ser_DASH_L_LPAREN_e_RPAREN_,828
R_PLIPA2A120pp,1716
R_FEOXAMtonex,927
R_PFL,1634
R_LPLIPAL1G161pp,1314
R_5DGLCNtex_b,110
R_5DOAN,112
R_ACOATA_f,185
R_ALCD2x_f,302
R_FACOAL181t2pp,874
R_PGK_f,1648
R_DHPS2,610
R_ARGt3pp,368
R_CA2t3pp,414
R_GMPS2,1089
R_RPE_b,1877
R_FE2tex_f,890
R_G3PEtex_b,968
R_SPMDt3pp,1920
R_ACS,201
R_PSCVT_b,1790
R_NH4tex_f,1503
R_GLUABUTt7pp_f,1025
R_UGMDDS,2034
R_PYDXNK,1836
R_3OAR120_f,70
R_LYSDC,1340
R_HYXNtex_b,1190
R_12PPDRtex_f,8
R_PPKr_f,1760
R_DADK_f,552
R_EAR120x,648
R_BMOGDS2,411
R_12PPDStpp_f,14
R_LYSabcpp,1341
R_3OAR60_b,83
R_COBALT2tex_f,486
R_CPGNUtex,495
R_12DGR141tipp,2
R_NTPP6,1545
R_LPLIPAL1A161pp,1300
R_NMNN,1514
R_PLIPA2E161pp,1727
R_EX_pi_LPAREN_e_RPAREN__b,822
R_DASYN181,574
R_ALDD2y,304
R_HACD6_f,1142
R_ORPT_b,1584
R_ADK4_f,223
R_ALLTN,306
R_GTHOr_f,1102
R_APG3PAT120,331
R_FEENTERexs,916
R_DASYN120,568
R_GLYCLTDy,1063
R_EX_cgly_LPAREN_e_RPAREN_,743
R_HMBS,1170
R_FTHFD,944
R_CMtex_f,477
R_CYSTL,528
R_DPR,628
R_RFAMPtpp,1862
R_3OAR180_f,79
R_DAGK141,555
R_NTD1,1522
R_R15BPK,1853
R_AICART_b,268
R_PSSA161,1805
R_GLUABUTt7pp_b,1024
R_EX_glc_LPAREN_e_RPAREN__f,772
R_ALLTNtex_f,310
R_TALA_b,1940
R_G6PDA,976
R_FECRMR2,905
R_PAPSR2,1613
R_PGPP161pp,1670
R_RFAMPtex_f,1861
R_ARBTNR1,346
R_GLDBRAN2,1020
R_PROtex_b,1786
R_ARGORNt7pp_f,363
R_3OAS140,90
R_EX_agm_LPAREN_e_RPAREN_,729
R_GLCtex_b,1017
R_FACOAE181,865
R_FACOAL141t2pp,870
R_HCO3E_f,1149
R_MG2t3_2pp_f,1401
R_PG181abcpp,1641
R_ORNtex_b,1582
R_NTPP10,1539
R_XYLI2_f,2091
R_MG2tex_b,1402
R_URIK2,2062
R_CO2tex_b,479
R_3OAR40_b,81
R_HEX4,1159
R_AKGt2rpp_f,275
R_DAPDC,563
R_LDH_D2,1280
R_QUIN2tpp_b,1848
R_EX_pro_DASH_L_LPAREN_e_RPAREN_,824
R_G1SAT_f,954
R_IGPDH,1218
R_NNATr_f,1517
R_FE3HOXR3,894
R_PGP141abcpp,1656
R_HYXNtex_f,1191
R_FEENTERtonex,918
R_CYTK2_b,547
R_LYSt3pp,1343
R_PMEACPE,1740
R_ACODA,186
R_HOMtex_f,1173
R_XTSNtex_b,2088
R_D_DASH_LACtex_f,643
R_EX_cbl1_LPAREN_e_RPAREN__b,741
R_GLUtex_b,1041
R_NDPK7_b,1498
R_GMHEPPA,1087
R_DHAtex_b,586
R_ENTERES2,704
R_ACOAD3f_b,172
R_COBALT2abcpp,483
R_3OAR141,74
R_DGK1_b,581
R_MLTP3_f,1431
R_IDOND_b,1211
R_EX_gly_LPAREN_e_RPAREN_,775
R_PUNP1_f,1820
R_CADVtpp,417
R_AOBUTDs,327
R_D_DASH_LACt2pp_f,641
R_EAR40y,665
R_HEXt2rpp_b,1161
R_LPLIPAL2A141,1319
R_NAt3_2pp,1484
R_EX_cobalt2_LPAREN_e_RPAREN__f,750
R_EX_phe_DASH_L_LPAREN_e_RPAREN_,820
R_SPMS,1923
R_DMQMT,616
R_S4FE4ST,1886
R_LA4NTpp,1267
R_THRS,1962
R_PDE1,1614
R_NADN,1475
R_3OAR80_f,86
R_GLYCLTt4pp,1066
R_EX_ade_LPAREN_e_RPAREN_,727
R_DALAtex_b,561
R_UPP3S,2046
R_EX_pi_LPAREN_e_RPAREN__f,823
R_CYStpp,533
R_NDPK2_b,1488
R_3OAR161,77
R_PRMICI_b,1779
R_TRPtex_b,1998
R_APH120,338
R_2AGPA140tipp,16
R_APG3PAT141,333
R_MDDCP1pp,1370
R_ACMAMUT,167
R_PGPP161,1669
R_PYROX,1841
R_QUIN2tpp_f,1849
R_ECAP2pp,673
R_TYRtex_f,2011
R_URAtex_f,2054
R_2AGPEAT160,32
R_PGSA180,1680
R_OBTFL,1556
R_3HAD180,59
R_PGP160abcpp,1657
R_FA161ACPHi,856
R_PRFGS,1778
R_TRPS2,1994
R_OAADC,1555
R_5MTRtpp,115
R_PRAGSr_f,1772
R_ACACT8r_b,148
R_NDPK4_b,1492
R_NDPK5_b,1494
R_XPPT,2084
R_GLYCTO3,1070
R_PDH,1616
R_RBK,1859
R_GLCP,1008
R_LEUt2rpp_b,1285
R_EX_etoh_LPAREN_e_RPAREN_,762
R_DHDPRy,594
R_PTRCORNt7pp_b,1812
R_URACPAH,2049
R_NADPHQR4,1478
R_RNTR1c2,1873
R_3OAS141,91
R_ALR4x,312
R_FA141ACPHi,854
R_UDCPDPS,2026
R_AICART_f,269
R_PAPA141pp,1602
R_TMDS,1981
R_EX_ile_DASH_L_LPAREN_e_RPAREN_,793
R_MLTP1_f,1427
R_EX_colipa_LPAREN_e_RPAREN_,751
R_G3PGtex_f,972
R_PA181abcpp,1595
R_MCITL2_f,1363
R_DHFS,598
R_MCITD,1361
R_EX_asp_DASH_L_LPAREN_e_RPAREN_,738
R_EX_his_DASH_L_LPAREN_e_RPAREN_,788
R_MDDCP3pp,1372
R_ADK4_b,222
R_HACD7_b,1143
R_GLU5K,1023
R_CO2tex_f,480
R_ATPHs,404
R_MDH3,1380
R_PPC,1752
R_ADMDC,224
R_PRASCSi,1776
R_PUNP5_b,1827
R_ALAALAD,278
R_NTPTP1,1549
R_ACKr_b,163
R_EAR141x,654
R_COLIPAPabctex,489
R_FDH4pp,884
R_GTHRDHpp,1104
R_SGSAD,1907
R_TDP,1942
R_UHGADA,2035
R_UPPDC1,2047
R_PLIPA2G140pp,1731
R_EX_anhgm_LPAREN_e_RPAREN_,735
R_ACSERtex_b,202
R_ACACT5r_f,143
R_EX_gthrd_LPAREN_e_RPAREN_,781
R_FEOXAMR1,920
R_IMPC_b,1227
R_IPPMIa_b,1246
R_EX_feenter_LPAREN_e_RPAREN_,767
R_ICDHyr_b,1202
R_ULA4Ntppi,2037
R_PE160abcpp,1624
R_GUAtpp_b,1121
R_ANHGMtex_b,322
R_PRATPP,1777
R_AKGtex_f,277
R_AOXSr2,328
R_TTRCYCtex_f,2003
R_VPAMTr_b,2076
R_TYRTA_f,2007
R_PPND,1766
R_SPMDtex_f,1922
R_DURIK1,634
R_PLIPA2G120pp,1730
R_PLIPA1E120pp,1702
R_ATPS4rpp_f,408
R_CITtex_b,448
R_Zn2tex_b,2096
R_SERtex_b,1904
R_2AGPEAT140,30
R_DHAD2,584
R_FBA_f,881
R_PLIPA1A161pp,1699
R_URIH,2061
R_LPLIPAL1A141pp,1298
R_NDPK6_b,1496
R_SUCOAS_b,1934
R_MEOHtrpp_b,1391
R_CLPNH181pp,457
R_5DGLCNR_b,106
R_NTD6,1530
R_PAPA180,1607
R_2AGPA161tipp,19
R_PLIPA1G161pp,1713
R_TRPt2rpp_f,1997
R_CLPNH160pp,454
R_12PPDStpp_b,13
R_ALAt2rpp_b,294
R_HPYRI_f,1176
R_CYTBO3_4pp,536
R_ADNt2pp,228
R_DRPA,629
R_GLYCAt2rpp_f,1055
R_PGPP180,1671
R_FE3tex_b,902
R_CYTD,537
R_ETHAt2pp,707
R_FCLT,883
R_PGP120abcpp,1654
R_EX_glc_LPAREN_e_RPAREN__b,771
R_FECRMR3,906
R_THFAT,1951
R_3OAR100_b,67
R_FE3tex_f,903
R_ALCD19_f,300
R_ADNK1,226
R_L_DASH_LACt2rpp_f,1349
R_FACOAE161,863
R_2AGPE181tipp,28
R_ALDD2x,303
R_ASPt2_2pp,394
R_D_DASH_LACtex_b,642
R_NI2tex_f,1509
R_2AGPEAT161,33
R_4PCP,101
R_ABUTtex_f,133
R_ADEt2rpp_f,215
R_ASNtex_f,381
R_3OAR120_b,69
R_3HAD141,56
R_EX_cys_DASH_L_LPAREN_e_RPAREN_,755
R_G3PEabcpp,967
R_GLYCtex_b,1072
R_GLYC3Pt6pp,1051
R_DSERDHr_b,630
R_ICHORS_f,1205
R_HEX7,1160
R_O2tex_f,1552
R_TRE6PS,1989
R_MCOATA_f,1366
R_AIRC2,270
R_3OAS160,92
R_G3PT,973
R_SULRi,1936
R_SHCHCS3,1908
R_PGPP120,1661
R_PLIPA2E141pp,1725
R_DM_MTHTHF,620
R_HXCT,1187
R_IPPMIb_b,1248
R_OMPHHX,1572
R_THZPSN3,1973
R_GLCNt2rpp_b,1004
R_TRSARr_b,2000
R_AGM3Pt2pp,245
R_AMAOTr_f,317
R_ANHMK,324
R_H2St1pp,1128
R_TDPGDH,1947
R_GPDDA4,1094
R_EAR100x,646
R_EX_val_DASH_L_LPAREN_e_RPAREN_,841
R_ACPPAT180,199
R_GND,1090
R_ULA4NFT,2036
R_GLNS,1022
R_PAPPT3,1611
R_PGPP120pp,1662
R_SERt2rpp_b,1901
R_ME2,1384
R_ADK3_b,220
R_ACOAD6f_f,179
R_GARFT_f,985
R_EX_ca2_LPAREN_e_RPAREN__f,740
R_DGK1_f,582
R_QUINDH_f,1851
R_RPI_f,1880
R_MPTAT,1453
R_G3PD5,964
R_ECAtpp,675
R_L_DASH_LACD3,1347
R_CRNDt2rpp_b,504
R_APH160,341
R_DAPtex_b,566
R_CDAPPA120,431
R_HXAtex_f,1186
R_MN2tpp,1435
R_CBPS,427
R_EX_g3pg_LPAREN_e_RPAREN_,770
R_ALLTAMH,305
R_SO4tex_f,1917
R_DAGK120,553
R_Ec_biomass_iJO1366_core_53p95M,847
R_DHORD5,605
R_NADPHQR3,1477
R_DOXRBCNtex_f,625
R_LCTStpp_f,1279
R_MEPCT,1393
R_SHK3Dr_f,1912
R_CBMKr_f,426
R_PPK2r_f,1758
R_FUM_b,946
R_PLIPA1E181pp,1708
R_UREAtex_b,2056
R_NTPP4,1543
R_EX_enlipa_LPAREN_e_RPAREN_,759
R_EX_glyc_DASH_R_LPAREN_e_RPAREN_,778
R_ARGDCpp,361
R_EX_orn_LPAREN_e_RPAREN_,819
R_FE3HOXexs,898
R_FE3Ri,900
R_HSTPT,1183
R_EX_uri_LPAREN_e_RPAREN_,840
R_OGMEACPR,1562
R_GPDDA4pp,1095
R_DURIPP_b,635
R_FORt2pp,938
R_ASPO3,386
R_PERD_b,1628
R_TRPS3,1995
R_COBALT2t3pp,484
R_G3PAT160,958
R_LEUt2rpp_f,1286
R_ANPRT,325
R_Kt2pp,1263
R_DAPE_b,564
R_3PEPTtex_b,99
R_MOCOS,1448
R_DURIPP_f,636
R_NADS1,1480
R_PG160abcpp,1638
R_ALAALAr_b,280
R_SO4t2pp,1915
R_LCARR_f,1274
R_DHFR_f,597
R_NTPP2,1541
R_MOAT2,1442
R_FBA_b,880
R_TRPAS2_b,1991
R_ACACT3r_b,138
R_MTAN,1459
R_LPLIPAL1A180pp,1301
R_DMPPS,615
R_LPLIPAL2G180,1336
R_LPLIPAL2E140,1325
R_ACOAD8f_f,183
R_DAGK161,557
R_MCTP2App,1369
R_ACOAD2f_b,170
R_ARBt2rpp_f,356
R_PROtex_f,1787
R_URAtex_b,2053
R_PTRCabcpp,1815
R_DM_4CRSOL,617
R_PYRt2rpp_f,1843
R_HYXNtpp_f,1193
R_XYLI2_b,2090
R_FACOAL160t2pp,871
R_MCTP1Bpp,1368
R_RBFSa,1857
R_PGP161abcpp,1658
R_PGPP160pp,1668
R_GLCS1,1010
R_TRPt2rpp_b,1996
R_UACMAMO,2014
R_GLCTR2,1012
R_NTD7,1531
R_PAPA120pp,1598
R_THYMt3pp,1970
R_PHEMEabcpp,1682
R_EAR161y,659
R_NH4tpp_f,1505
R_ETHAtex_f,709
R_INStex_b,1240
R_GLYCLTtex_f,1068
R_ECAP3pp,674
R_NOVBCNtex_b,1519
R_NDPK1_f,1487
R_TYRt2rpp_f,2009
R_EX_fe2_LPAREN_e_RPAREN__b,763
R_PPPGO,1768
R_CS,510
R_HEMEOS,1151
R_AACPS4,121
R_PYRtex_f,1845
R_ECOAH5_b,684
R_PSSA180,1806
R_ACSERtex_f,203
R_ACOAD8f_b,182
R_G3PAT120,955
R_OMPHHX3,1573
R_ALAR_f,287
R_ASNS2,376
R_PLIPA2A180pp,1721
R_T2DECAI_f,1939
R_MPTSS,1457
R_DNTPPA,623
R_ACt4pp,207
R_12PPDStex_f,12
R_AADDGT,128
R_2AGPA180tipp,20
R_ASAD_f,372
R_PLIPA1G181pp,1715
R_PUNP5_f,1828
R_ARGDC,360
R_EX_thym_LPAREN_e_RPAREN_,834
R_FORtex_f,940
R_3PEPTtex_f,100
R_FRD2,942
R_GLYCAt2rpp_b,1054
R_PPGPPDP,1756
R_GLYCLTtex_b,1067
R_GLCNtex_f,1007
R_AGMtex_b,256
R_CTPS2,521
R_AIRC3_b,271
R_MLTG5,1421
R_ACGS,161
R_PAPA181,1609
R_UDPKAAT_f,2032
R_DAAD,549
R_PLIPA1E140pp,1703
R_ASNt2rpp_b,378
R_EX_tyr_DASH_L_LPAREN_e_RPAREN_,837
R_ENTCS,702
R_CYTDt2rpp_f,542
R_INSt2rpp_b,1238
R_CGLYtex_f,441
R_EX_h2o_LPAREN_e_RPAREN__f,784
R_EX_lac_DASH_L_LPAREN_e_RPAREN_,800
R_CTECOAI6_b,515
R_GLYALDtex_f,1045
R_PFK,1632
R_DADK_b,551
R_PA141abcpp,1591
R_EAR181x,662
R_UAPGR,2024
R_H2Otex_f,1124
R_EX_hxa_LPAREN_e_RPAREN_,790
R_2AGPG180tipp,41
R_ASPTA_b,391
R_FBA3_b,878
R_L_DASH_LACD2,1346
R_THDPS,1950
R_ACGAMT,159
R_LPLIPAL2A161,1321
R_MOADSUx,1440
R_BPNT,412
R_CITL,445
R_PRMICI_f,1780
R_NADPPPS,1479
R_2AGPGAT160,46
R_HCYSMT,1150
R_PPCK,1754
R_DHAtpp_f,589
R_GGGABADr_f,994
R_PPCDC,1753
R_ADEtex_f,217
R_PETNT161pp,1630
R_PYRtex_b,1844
R_KARA2_b,1255
R_U23GAAT,2012
R_APH161,342
R_NTD3,1527
R_APH140,339
R_NI2t3pp,1507
R_CYTK2_f,548
R_GDPMNP,990
R_LIPOS,1294
R_MICITDr_b,1407
R_QUIN2tex_b,1846
R_MLTP1_b,1426
R_GLUtex_f,1042
R_PAPA161pp,1606
R_OPHBDC,1574
R_GLYCTO4,1071
R_CDAPPA180,436
R_MLDCP1App,1412
R_POAACR,1743
R_NTD11,1524
R_UAGDP,2020
R_3OAR140_b,72
R_SULabcpp,1937
R_UDPGD,2029
R_PLIPA1E161pp,1706
R_SDPDS,1891
R_AM4PA,314
R_ARBabcpp,354
R_TDPADGAT,1943
R_DHAtex_f,587
R_HSDy_b,1179
R_LALDO2x,1269
R_2AGPA120tipp,15
R_RNDR4,1871
R_POR5_f,1745
R_FECRMabcpp,909
R_GLYtex_f,1084
R_DHQS,612
R_HISTD,1163
R_UAG2E_b,2015
R_IGPS,1219
R_PSERT,1799
R_3HAD80,63
R_ASNt2rpp_f,379
R_EX_so4_LPAREN_e_RPAREN__f,830
R_LEUtex_f,1288
R_DHORTS_b,607
R_3HAD60,62
R_MLTGY4pp,1425
R_TDSK,1948
R_ARGORNt7pp_b,362
R_EX_pheme_LPAREN_e_RPAREN_,821
R_HACD5_f,1140
R_ASPO5,388
R_HACD3_b,1135
R_G3PAT181,961
R_ORNDC,1580
R_MALS,1354
R_3HAD181,60
R_ADCL,211
R_FACOAE60,866
R_ACGK,160
R_ARBTNR3,348
R_2AGPEAT141,31
R_CA2tex_b,415
R_ACPPAT141,196
R_EX_for_LPAREN_e_RPAREN_,768
R_FTHFLi,945
R_KARA1_b,1253
R_SUCCt2_3pp,1929
R_NDPK5_f,1495
R_UDPGDC,2030
R_ECOAH3_b,680
R_R5PP,1855
R_GPDDA2,1092
R_HXPRT,1188
R_ARBTNtpp,353
R_THMDt2rpp_f,1955
R_ARGSS,366
R_LPLIPAL1A181pp,1302
R_HOMt2pp,1171
R_12DGR161tipp,4
R_2AGPE120tipp,22
R_AGM3PApp,243
R_APG3PAT160,334
R_AKGDH,273
R_ALAtex_b,297
R_EX_alaala_LPAREN_e_RPAREN_,733
R_FECRMexs,910
R_GLYt4pp,1082
R_DHORDfum,606
R_MLTGY1pp,1422
R_O2tex_b,1551
R_PDX5PS,1619
R_PG140abcpp,1636
R_OMMBLHX3,1570
R_FEROpp,928
R_LCTSt3ipp,1277
R_CMPN,475
R_PDX5POi,1618
R_MDH2,1379
R_FE2tex_b,889
R_I4FE4ST,1201
R_AGMt2pp,255
R_NNDPR,1518
R_TYRTA_b,2006
R_URIt2pp,2063
R_EX_urea_LPAREN_e_RPAREN_,839
R_AMPTASECG,321
R_ETHAtex_b,708
R_MDH_b,1381
R_PLIPA1A160pp,1698
R_ADSK,235
R_PYNP2r_b,1839
R_CYTBD2pp,534
R_ACOAD1f_b,168
R_GLYCLTt2rpp_b,1064
R_MDDEP4pp,1378
R_METS,1397
R_GK1_b,1000
R_ETOHtex_b,710
R_APH141,340
R_GLYOX,1077
R_FA120ACPHi,852
R_TDPAGTA,1944
R_ADNCYC,225
R_NDPK1_b,1486
R_ACONTb_f,191
R_EX_thr_DASH_L_LPAREN_e_RPAREN_,833
R_3HAD161,58
R_HXAtex_b,1185
R_EX_3hpp_LPAREN_e_RPAREN_,717
R_NACODA,1466
R_PGPP140pp,1664
R_GLYCL,1061
R_Ec_biomass_iJO1366_WT_53p95M,846
R_EAR80y,669
R_MTHFC_b,1460
R_FMNRx,935
R_CHORS,443
R_CYTDK2,539
R_PGPP160,1667
R_ALAabcpp,292
R_LPLIPAL1E180pp,1308
R_MINCYCtex_b,1409
R_PPCSCT,1755
R_ACOLIPAabctex,187
R_PGAMT_b,1642
R_3OAR160_f,76
R_ACONTa_f,189
R_CBMD,424
R_NH4tex_b,1502
R_ABUTt2pp,131
R_COLIPAabcpp,490
R_FORtex_b,939
R_E4PD_b,644
R_LDH_D_f,1282
R_ASNN,373
R_THRt2rpp_f,1966
R_IPPMIb_f,1249
R_GLUTRS,1036
R_HACD1_f,1132
R_DASYN140,569
R_CPGNR3,494
R_DCTPD,578
R_LPLIPAL1E140pp,1304
R_ALR2,311
R_AGM4PApp,247
R_MCOATA_b,1365
R_CRNt2rpp_f,508
R_ASPt2pp,396
R_FE2t3pp,888
R_EPMEACPR,705
R_FEENTERtex,917
R_PHETA1_b,1684
R_FE3HOXabcpp,897
R_ALAALAtex_b,282
R_3OAR40_f,82
R_AGPAT181,264
R_DOXRBCNtex_b,624
R_HACD7_f,1144
R_HXAND,1184
R_MG2tex_f,1403
R_PSSA140,1802
R_2AGPG120tipp,36
R_ATHRDHr_b,402
R_LPLIPAL2E180,1329
R_EAR160y,657
R_XAND,2078
R_GLCNtex_b,1006
R_PANTS,1596
R_EAR100y,647
R_AGMHE,253
R_EX_arg_DASH_L_LPAREN_e_RPAREN_,736
R_F6PP,850
R_LPLIPAL1G160pp,1313
R_ACACT7r_f,147
R_EX_eca4colipa_LPAREN_e_RPAREN_,758
R_CYSS,527
R_2AGPA160tipp,18
R_PDXPP,1620
R_UPP3MT,2045
R_USHD,2068
R_UDCPDP,2025
R_PA140abcpp,1590
R_EX_cl_LPAREN_e_RPAREN__b,745
R_ME1,1383
R_GUAPRT,1117
R_APH181,344
R_FECRMR1,904
R_PE120abcpp,1621
R_MCITS,1364
R_PPNCL2,1765
R_ACACT7r_b,146
R_ECOAH6_f,687
R_GLUR_b,1032
R_PNTK,1742
R_FEOXAMexs,926
R_ASPtex_b,399
R_EX_h2s_LPAREN_e_RPAREN_,785
R_ILETA_b,1220
R_GDPTPDP,991
R_ASPCT,383
R_CLPNS180pp_f,469
R_FE3HOXR2,893
R_PGSA160,1678
R_THIORDXi,1952
R_ARGSL_f,365
R_MMM,1433
R_GTPHs,1114
R_L_DASH_LACtex_b,1350
R_UAMAS,2023
R_VALt2rpp_b,2072
R_GTHOr_b,1101
R_H2Stex_f,1130
R_PLIPA1G180pp,1714
R_ALAt4pp,296
R_ADD,213
R_ALLTNt2rpp_b,307
R_R1PK,1854
R_TYRt2rpp_b,2008
R_CLtex_f,474
R_THRD,1960
R_GLUN,1030
R_ICHORSi,1206
R_CLPNH120pp,451
R_EX_nh4_LPAREN_e_RPAREN__b,813
R_FESD1s,929
R_OMBZLM,1567
R_PRAGSr_b,1771
R_UREAtpp_f,2059
R_FA140ACPHi,853
R_UDCPPtppi,2028
R_IDOND_f,1212
R_GHMT2r_f,999
R_DM_AMOB,619
R_UDCPDPpp,2027
R_SERASr_f,1896
R_PLIPA2A160pp,1719
R_ECOAH3_f,681
R_GLYtex_b,1083
R_THD2pp,1949
R_PUNP6_f,1830
R_ORNabcpp,1581
R_HEPT2,1155
R_INSK,1236
R_PGMT_b,1650
R_CU2tpp,525
R_FE3abcpp,901
R_CDAPPA141,433
R_HSDy_f,1180
R_LPLIPAL2G160,1334
R_IDONt2rpp_b,1213
R_BMOCOS,409
R_AGPAT140,259
R_RPI_b,1879
R_CYTDH,538
R_MPTS,1456
R_OGMEACPD,1561
R_PG141abcpp,1637
R_PLIPA1E141pp,1704
R_METSOXR2,1399
R_NNAM,1515
R_CGLYabcpp,439
R_ACOAD5f_b,176
R_GLBRAN2,1002
R_MALtex_b,1358
R_PSD160,1795
R_ACALDtpp_f,155
R_RHAT1,1863
R_SDPTA_b,1892
R_FEENTERR3,914
R_GLYCtex_f,1073
R_CTECOAI6_f,516
R_GGPTRCS,997
R_KDOPP,1260
R_IMPD,1229
R_GLYCLTDx,1062
R_2AGPEAT120,29
R_GTHPi,1103
R_NDPK3_b,1490
R_PLIPA2E140pp,1724
R_GUAtex_b,1119
R_AGDC,241
R_ACOAD4f_f,175
R_EX_glyc_LPAREN_e_RPAREN_,779
R_Kabcpp,1262
R_PG161abcpp,1639
R_5MTRtex_b,113
R_2AGPGAT180,48
R_DHAtpp_b,588
R_FACOAE140,860
R_MNtex_b,1438
R_EX_mg2_LPAREN_e_RPAREN__f,808
R_CBL1tonex,421
R_OMCDC,1568
R_PSSA120,1801
R_ALAALAr_f,281
R_DASYN161,572
R_PTRCt2pp,1816
R_ILEtex_b,1225
R_PUNP6_b,1829
R_3OAR180_b,78
R_UAGAAT_f,2018
R_APG3PAT140,332
R_MTHFD_f,1463
R_MLTG3,1419
R_PLIPA1A181pp,1701
R_PLIPA1A141pp,1697
R_PAPA141,1601
R_VPAMTr_f,2077
R_NDPK2_f,1489
R_KAS14,1257
R_GLYt2rpp_f,1081
R_EAR60y,667
R_FEENTERabcpp,915
R_PE161abcpp,1625
R_2AGPA181tipp,21
R_LPLIPAL2E181,1330
R_DHNPA2r_f,603
R_MN2t3pp,1434
R_PAPA160,1603
R_NI2tex_b,1508
R_ADEtex_b,216
R_FUM_f,947
R_CLPNS120pp_f,459
R_MTHFD_b,1462
R_THRD_L,1961
R_LPLIPAL2G140,1332
R_EGMEACPR,698
R_GLUDy_f,1029
R_EX_ptrc_LPAREN_e_RPAREN_,825
R_MPTG,1454
R_PDE4,1615
R_EX_indole_LPAREN_e_RPAREN_,794
R_G3PD2_f,963
R_GUAtex_f,1120
R_GUAtpp_f,1122
R_TKT1_f,1975
R_Zn2tex_f,2097
R_LEUTAi,1283
R_GLCP2,1009
R_ACACT4r_f,141
R_ALLTNtex_b,309
R_GCALDD,987
R_SERtex_f,1905
R_FACOAE80,867
R_SHKK,1913
R_EX_o2_LPAREN_e_RPAREN__f,818
R_FE3HOXUtex,895
R_IDONt2rpp_f,1214
R_ARGtex_f,370
R_DASYN160,571
R_EX_xtsn_LPAREN_e_RPAREN_,843
R_MELIBt3ipp,1388
R_PLIPA2E181pp,1729
R_SO4tex_b,1916
R_EX_12ppd_DASH_R_LPAREN_e_RPAREN_,714
R_PETNT181pp,1631
R_CRNDabcpp,503
R_PLIPA2G181pp,1736
R_GMPR,1088
R_ACOATA_b,184
R_OPHHX,1575
R_GLYCTO2,1069
R_DHAPT,585
R_PItex_f,1693
R_3OAS120,88
R_UAGCVT,2019
R_IPDPS,1244
R_XTSNt2rpp_f,2087
R_GLYCAtex_b,1056
R_OPMEACPD,1577
R_OHPHM,1566
R_EX_glyald_LPAREN_e_RPAREN_,776
R_EX_h2o_LPAREN_e_RPAREN__b,783
R_COLIPAabctex,491
R_APG3PAT180,336
R_ARBTNexs,350
R_THMDtex_b,1956
R_12PPDStex_b,11
R_PPAKr_f,1750
R_2AGPGAT140,44
R_DAGK181,559
R_EX_mn2_LPAREN_e_RPAREN__f,810
R_NTD4,1528
R_EAR141y,655
R_IDONtex_f,1216
R_ILEabcpp,1222
R_I2FE2SS,1197
R_SPMDtex_b,1921
R_LPLIPAL1E160pp,1306
R_GLUCYS,1026
R_ECOAH5_f,685
R_EX_mg2_LPAREN_e_RPAREN__b,807
R_FACOAE100,858
R_ASPO6,389
R_EX_4abut_LPAREN_e_RPAREN_,718
R_DHAD1,583
R_EX_cytd_LPAREN_e_RPAREN_,756
R_12PPDRtpp_f,10
R_AMAOTr_b,316
R_AGPAT180,263
R_CYStex_b,531
R_PLIPA1G141pp,1711
R_2AGPEAT180,34
R_CITt3pp,446
R_DHPPDA2,609
R_PHEtex_f,1689
R_NTD5,1529
R_3HPPtpp,66
R_PTRCORNt7pp_f,1813
R_AGPAT120,258
R_POR5_b,1744
R_H2Otpp_b,1125
R_PAPA120,1597
R_S2FE2SS,1882
R_ALATA_L_f,291
R_5MTRtex_f,114
R_ACtex_f,209
R_AKGtex_b,276
R_CLPNS161pp_f,467
R_S2FE2SS2,1883
R_UAMAGS,2022
R_ASPtex_f,400
R_4PCPpp,102
R_CPPPGO,501
R_ACOTA_b,192
R_PROt2rpp_f,1784
R_EX_ca2_LPAREN_e_RPAREN__b,739
R_HEPT1,1154
R_G3PD2_b,962
R_MINCYCtex_f,1410
R_URAt2pp,2050
R_FECRMtonex,911
R_EX_glu_DASH_L_LPAREN_e_RPAREN_,774
R_EX_idon_DASH_L_LPAREN_e_RPAREN_,792
R_COBALT2tex_b,485
R_RNDR3,1869
R_PLIPA2G161pp,1734
R_PA180abcpp,1594
R_ABTA,129
R_GLGC,1021
R_URAt2rpp_b,2051
R_UAGPT3,2021
R_PSSA160,1804
R_MLDCP3App,1416
R_GLUabcpp,1037
R_CYTDt2pp,540
R_EX_colipap_LPAREN_e_RPAREN_,752
R_ADEt2rpp_b,214
R_FACOAL60t2pp,875
R_FUSAtex_f,949
R_PHEt2rpp_f,1687
R_PLIPA2A140pp,1717
R_CAt6pp_b,418
R_ACOTA_f,193
R_CPMPS,500
R_ARGabcpp,367
R_ASAD_b,371
R_GLYCLTt2rpp_f,1065
R_GUAD,1116
R_HISabcpp,1165
R_LPLIPAL2E160,1327
R_MSAR,1458
R_PFK_3,1633
R_ADNtex_b,231
R_2AGPE161tipp,26
R_EAR121y,651
R_ICHORS_b,1204
R_PGP140abcpp,1655
R_ADSL2r_f,239
R_EX_o2_LPAREN_e_RPAREN__b,817
R_EX_meoh_LPAREN_e_RPAREN_,806
R_CLPNS141pp_b,462
R_CDAPPA181,437
R_LEUabcpp,1284
R_CLPNS160pp_b,464
R_5DGLCNt2rpp_b,108
R_BMOGDS1,410
R_EX_nh4_LPAREN_e_RPAREN__f,814
R_FLVR,932
R_DSERDHr_f,631
R_FEOXAMR3,922
R_AACPS1,118
R_G3PAT161,959
R_MALt3pp,1357
R_GLUt2rpp_b,1038
R_G1PACT,951
R_ATPPRT,406
R_LPLIPAL1E181pp,1309
R_NADH17pp,1470
R_THRtex_b,1968
R_TMPK,1982
R_PPNDH,1767
R_INDOLEtex_b,1233
R_I2FE2SS2,1198
R_ACACT8r_f,149
R_ACONTa_b,188
R_PAPA181pp,1610
R_MDDEP2pp,1376
R_PPM2_b,1761
R_UPLA4FNF,2043
R_PUNP4_f,1826
R_MEOHtex_b,1389
R_ARBTNabcpp,349
R_3OAR100_f,68
R_AACPS3,120
R_3HAD121,54
R_DAGK140,554
R_ACALD_b,150
R_NTPTP2,1550
R_ASNNpp,374
R_EX_ala_DASH_L_LPAREN_e_RPAREN_,732
R_XANt2pp,2079
R_PSD141,1794
R_APG3PAT161,335
R_PUNP3_f,1824
R_G1SAT_b,953
R_L_DASH_LACt2rpp_b,1348
R_NADDP,1467
R_NTPP9,1548
R_HACD3_f,1136
R_DAPtex_f,567
R_CPGNexs,498
R_DASYN180,573
R_PROD2,1781
R_ACALDtex_f,153
R_URIt2rpp_f,2065
R_EX_enter_LPAREN_e_RPAREN_,760
R_MECDPDH5,1385
R_ENO_b,700
R_MNtex_f,1439
R_LPLIPAL1E141pp,1305
R_MTHFC_f,1461
R_RNDR1b,1866
R_GLUTRR,1035
R_ASNabcpp,377
R_EX_5dglcn_LPAREN_e_RPAREN_,719
R_CPGNUtpp,496
R_SCYSDS,1890
R_ALAGLUE_b,284
R_CTECOAI7_f,518
R_MNt2pp,1437
R_LPLIPAL1G180pp,1315
R_EX_lipa_LPAREN_e_RPAREN_,802
R_METAT,1394
R_HACD4_f,1138
R_PPM_f,1764
R_GLUt4pp,1040
R_CPGNR1,492
R_EX_cl_LPAREN_e_RPAREN__f,746
R_PYAM5PO,1833
R_RNTR2c2,1874
R_EX_mobd_LPAREN_e_RPAREN__f,812
R_2AGPG141tipp,38
R_GRTT,1096
R_3HAD140,55
R_AGM4PCPpp,249
R_PGPP180pp,1672
R_LSERDHr_f,1339
R_PGSA181,1681
R_ANHGMtex_f,323
R_EX_LalaDgluMdap_LPAREN_e_RPAREN_,722
R_A5PISO_b,116
R_3OAS180,94
R_CMtpp,478
R_HIStex_b,1168
R_NTPP5,1544
R_AGM4Pt2pp,251
R_FACOAE120,859
R_PGM_f,1653
R_DHBS,592
R_ARBTNR2,347
R_ENLIPAabctex,699
R_G3PAT140,956
R_3OAR121,71
R_Ktex_b,1265
R_MDDCP5pp,1374
R_IMPC_f,1228
R_FACOAL120t2pp,868
R_ASPt2rpp_f,398
R_GLCtex_f,1018
R_MALt2_3pp,1356
R_ECA4COLIPAabctex,670
R_THRAi,1959
R_CRNabcpp,506
R_THYMtex_b,1971
R_ORPT_f,1585
R_KDOCT2,1259
R_EX_ac_LPAREN_e_RPAREN_,723
R_H2SO,1127
R_EAR180y,661
R_SUCDi,1933
R_PE181abcpp,1627
R_PLIPA1A180pp,1700
R_AGPR_f,266
R_PERD_f,1629
R_PSD180,1797
R_AMPMS2,319
R_MCTP1App,1367
R_UPLA4FNT,2044
R_CBL1abcpp,420
R_KARA1_f,1254
R_CLPNH140pp,452
R_IPMD,1245
R_G3PD7,966
R_PRAIS,1773
R_CPGNtonex,499
R_VALTA_f,2070
R_SGDS,1906
R_MELIBt2pp,1387
R_EAR181y,663
R_DAGK180,558
R_DHORTS_f,608
R_THRt2pp,1964
R_AGM3PA,242
R_PYNP2r_f,1840
R_ALAGLUE_f,285
R_GLYALDtpp_b,1046
R_HYXNtpp_b,1192
R_Htex_b,1194
R_FECRMUtpp,908
R_CRNt2rpp_b,507
R_PG120abcpp,1635
R_ADPRDP,233
R_VALtex_f,2075
R_12PPDRtex_b,7
R_EX_fe3_LPAREN_e_RPAREN__f,766
R_CDAPPA160,434
R_QUIN2tex_f,1847
R_ECOAH2_f,679
R_CYSDS,526
R_EX_ni2_LPAREN_e_RPAREN__b,815
R_TTRCYCtex_b,2002
R_AGMtex_f,257
R_3OAR60_f,84
R_MDDEP1pp,1375
R_PLIPA1E180pp,1707
R_PPPGO3,1769
R_TYRtex_b,2010
R_NDPK8_b,1500
R_MMCD,1432
R_UAG2E_f,2016
R_H2Stex_b,1129
R_K2L4Aabctex,1252
R_UAAGDS,2013
R_DM_5DRIB,618
R_METSOXR1,1398
R_PAPSR,1612
R_GLYAT_f,1049
R_MDH_f,1382
R_AST,401
R_SERASr_b,1895
R_URIt2rpp_b,2064
R_DM_OXAM,621
R_SERD_L,1900
R_PGL,1649
R_5DGLCNt2rpp_f,109
R_AIRC3_f,272
R_GTHRDabcpp,1106
R_ZN2abcpp,2092
R_ECOAH4_f,683
R_PSD161,1796
R_GLYCDx,1058
R_ETOHtrpp_b,712
R_PSSA181,1807
R_TMDK1,1978
R_LPLIPAL2A181,1323
R_ACPPAT161,198
R_AM3PA,313
R_ALAt2pp,293
R_EX_glyc3p_LPAREN_e_RPAREN_,777
R_CLt3_2pp,472
R_LCADi,1272
R_OCBT_b,1557
R_EX_asn_DASH_L_LPAREN_e_RPAREN_,737
R_ACM6PH,166
R_UPPRT,2048
R_THMDtex_f,1957
R_COLIPAKpp,488
R_GTPDPDP,1112
R_ICDHyr_f,1203
R_URItex_f,2067
R_GK1_f,1001
R_IG3PS,1217
R_EX_ni2_LPAREN_e_RPAREN__f,816
R_GPDDA2pp,1093
R_PSD181,1798
R_ACOAD7f_b,180
R_CYSabc2pp,529
R_FEENTERR2,913
R_GART,986
R_PGI_f,1646
R_EDTXS1,694
R_SSALx,1924
R_G3PD6,965
R_HPPK2,1174
R_PAPA140,1599
R_NTD9,1533
R_T2DECAI_b,1938
R_PE180abcpp,1626
R_GTHRDtex_f,1108
R_12DGR140tipp,1
R_PPAKr_b,1749
R_XTSNtex_f,2089
R_NI2abcpp,1506
R_FA80ACPHi,857
R_PUNP7_b,1831
R_EDTXS3,696
R_ACOAD7f_f,181
R_SERD_D,1899
R_Kt3pp,1264
R_CITt7pp,447
R_LALDO3,1270
R_IDONtex_b,1215
R_TKT2_b,1976
R_GLCptspp,1015
R_GLCTR3,1013
R_2AGPGAT120,43
R_ENTERES,703
R_CPPPGO2,502
R_CTBTt2rpp_b,513
R_LPLIPAL2G181,1337
R_SERt2rpp_f,1902
R_EX_co2_LPAREN_e_RPAREN__f,748
R_CLIPAabctex,450
R_CBLAT_b,422
R_HEXt2rpp_f,1162
R_LIPAabctex,1292
R_NTP1,1534
R_SOTA,1918
R_ZN2t3pp,2093
R_GLYAT_b,1048
R_PE141abcpp,1623
R_DASYN141,570
R_FE3HOXtonex,899
R_CLPNS181pp_f,471
R_H2Otex_b,1123
R_PYDXPP,1837
R_GLCt2pp,1016
R_SADH,1888
R_MOBDtex_f,1446
R_PTA2,1808
R_AGM4PCP,248
R_PTRCTA,1814
R_EDA,692
R_EAR121x,650
R_GTHS,1109
R_DHNAOT4,599
R_TKT2_f,1977
R_OCBT_f,1558
R_ADNUC,227
R_EX_gua_LPAREN_e_RPAREN_,782
R_FDH5pp,885
R_AACPS9,126
R_S7PI,1887
R_FESR,930
R_PPKr_b,1759
R_RBFSb,1858
R_CLPNS120pp_b,458
R_PUNP3_b,1823
R_DTMPK_b,632
R_QULNS,1852
R_TMDPP_b,1979
R_FMNRx2,936
R_HEX1,1158
R_THRtex_f,1969
R_CLPNS141pp_f,463
R_MECDPS,1386
R_ADK1_f,219
R_DALAtex_f,562
R_ALATA_D2,288
R_NI2tpp,1510
R_12DGR120tipp,0
R_2AGPGAT181,49
R_ETOHtex_f,711
R_EX_g3pe_LPAREN_e_RPAREN_,769
R_NADTRHD,1481
R_CD2tpp,430
R_ADNt2rpp_f,230
R_ATHRDHr_f,403
R_2AGPE160tipp,25
R_ALATA_L2,289
R_CYSabcpp,530
R_EX_dha_LPAREN_e_RPAREN_,757
R_AGPAT161,262
R_IPPS,1250
R_LGTHL,1289
R_ALAtex_f,298
R_CBMKr_b,425
R_EX_trp_DASH_L_LPAREN_e_RPAREN_,836
R_LYStex_f,1345
R_3PEPTabcpp,98
R_OCTNLL,1560
R_PSSA141,1803
R_PPS,1770
R_ACPPAT120,194
R_EX_akg_LPAREN_e_RPAREN_,730
R_UGLYCH,2033
R_PMDPHT,1739
R_3OAS181,95
R_SUCBZS,1927
R_IPPMIa_f,1247
R_MPTG2,1455
R_ASNtex_b,380
R_EX_fe3_LPAREN_e_RPAREN__b,765
R_ECOAH8_b,690
R_3OAS80,97
R_PGPP181,1673
R_ALAALAabcpp,279
R_DHBSH,593
R_DMATT,614
R_CTECOAI7_b,517
R_GLXCL,1043
R_GTPCII2,1111
R_NDPK7_f,1499
R_G3PGabcpp,970
R_MTHFR2,1464
R_ACALD_f,151
R_HEPK2,1153
R_EX_zn2_LPAREN_e_RPAREN__b,844
R_NAMNPP,1482
R_CD2t3pp,429
R_RNDR2,1867
R_ACSERtpp,204
R_OGMEACPS,1563
R_2AGPG160tipp,39
R_ADNtex_f,232
R_MLTGY3pp,1424
R_MN6PP,1436
R_HACD2_b,1133
R_THRabcpp,1963
R_ALATA_L_b,290
R_ALAt2rpp_f,295
R_GLUDC,1027
R_AGMH,252
R_LIPAabcpp,1291
R_THYMtex_f,1972
R_FMNAT,934
R_LPLIPAL2A140,1318
R_PLIPA1G160pp,1712
R_ALLTNt2rpp_f,308
R_ABUTD,130
R_GLCNt2rpp_f,1005
R_OPHHX3,1576
R_QUINDH_b,1850
R_FE2t2pp,887
R_G6PDH2r_f,978
R_GTHRDabc2pp,1105
R_ARGAGMt7pp_f,359
R_SHK3Dr_b,1911
R_G3PAT141,957
R_MOCDS,1447
R_URIC,2060
R_LPLIPAL1E120pp,1303
R_CPGNR2,493
R_GLYOX3,1078
R_PGPP140,1663
R_MDDCP2pp,1371
R_RPE_f,1878
R_XTSNH,2085
R_PLIPA2A181pp,1722
R_HPYRRy,1178
R_ACACT1r_f,135
R_ILEtex_f,1226
R_TRDR,1986
R_OPMEACPR,1578
R_NTD12,1525
R_ACOAD5f_f,177
R_GLUSy,1034
R_G5SADs,974
R_RHCCE,1864
R_SPMDabcpp,1919
R_ADSL1r_b,236
R_LPLIPAL1A140pp,1297
R_LPLIPAL2A160,1320
R_G3PEtex_f,969
R_GHMT2r_b,998
R_URAt2rpp_f,2052
R_HBZOPT,1147
R_CU2abcpp,522
R_NADPHQR2,1476
R_INDOLEt2rpp_f,1232
R_CHRPL,444
R_DPCOAK,627
R_EX_h_LPAREN_e_RPAREN__b,786
R_FBA3_f,879
R_12DGR160tipp,3
R_APG3PAT181,337
R_EX_hom_DASH_L_LPAREN_e_RPAREN_,789
R_PLIPA1A120pp,1695
R_TMDPP_f,1980
R_ACACT4r_b,140
R_LYStex_b,1344
R_EX_succ_LPAREN_e_RPAREN_,832
R_AGPAT160,261
R_MOX_b,1451
R_GGGABAH,995
R_TPI_b,1984
R_PROt4pp,1785
R_UDPKAAT_b,2031
R_I2FE2ST,1199
R_NTPP11,1540
R_DATPHs,575
R_PSP_L,1800
R_ASPK_b,384
R_HACD5_b,1139
R_EX_k_LPAREN_e_RPAREN__f,797
R_PUNP2_f,1822
R_S2FE2SR,1881
R_EX_h_LPAREN_e_RPAREN__f,787
R_O2tpp_b,1553
R_DHPTDCs2,611
R_PLIPA2G141pp,1732
R_GUACYC,1115
R_DADA,550
R_PROabcpp,1782
R_GDPMNH,989
R_RFAMPtex_b,1860
R_FBP,882
R_EX_lys_DASH_L_LPAREN_e_RPAREN_,804
R_PUNP7_f,1832
R_EX_15dap_LPAREN_e_RPAREN_,716
R_ADPT,234
R_CLPNH161pp,455
R_2AGPGAT141,45
R_AACTOOR,127
R_EX_leu_DASH_L_LPAREN_e_RPAREN_,801
R_12DGR181tipp,6
R_2AGPG161tipp,40
R_ACCOAL,157
R_PYDXK,1835
R_SHSL1,1914
R_ACKr_f,164
R_LPLIPAL2E141,1326
R_LPADSS,1295
R_2AGPGAT161,47
R_GLYCK,1059
R_3OAR181,80
R_PPM_b,1763
R_PUNP1_b,1819
R_PGSA141,1677
R_AKGt2rpp_b,274
R_CGLYtex_b,440
R_ECOAH6_b,686
R_PAPA160pp,1604
R_UM3PL,2038
R_DXPS,639
R_3OAR80_b,85
R_OCTDPS,1559
R_4PEPTtex_f,105
R_INSt2pp,1237
R_LPLIPAL2E161,1328
R_PPA2,1748
R_GLUR_f,1033
R_5DGLCNtex_f,111
R_2AGPG181tipp,42
R_FACOAL180t2pp,873
R_HEPT4,1157
R_CA2tex_f,416
R_CRNt8pp,509
R_MINCYCtpp,1411
R_NTD2,1526
R_4PEPTtex_b,104
R_NDPK6_f,1497
R_PLIPA2A141pp,1718
R_TRSARr_f,2001
R_ORNtex_f,1583
R_VALTA_b,2069
R_SERAT_b,1897
R_ILEt2rpp_f,1224
R_AM4PCP,315
R_AHCYSNS,267
R_CO2tpp_b,481
R_MLTG4,1420
R_FEOXAMR2,921
R_MOAT,1441
R_EAR60x,666
R_LCTStpp_b,1278
R_ACALDtex_b,152
R_DTMPK_f,633
R_NADH18pp,1471
R_K2L4Aabcpp,1251
R_PGM_b,1652
R_THMDt2rpp_b,1954
R_TRPAS2_f,1992
R_PGCD,1644
R_F6PA_b,848
R_TRPtex_f,1999
R_METOX2s,1396
R_SHCHF,1910
R_PGP180abcpp,1659
R_SDPTA_f,1893
R_ASPt2_3pp,395
R_MLTGY2pp,1423
R_ASPTA_f,392
R_EX_quin_LPAREN_e_RPAREN_,827
R_EX_5mtr_LPAREN_e_RPAREN_,720
R_ACHBS,162
R_GLUt2rpp_f,1039
R_PMPK,1741
R_PUNP4_b,1825
R_EX_cit_LPAREN_e_RPAREN_,744
R_DHORD2,604
R_MLDCP2App,1414
R_GALUi,981
R_PAPA180pp,1608
R_SUCCt3pp,1930
R_FUSAtex_b,948
R_NH4tpp_b,1504
R_ECOAH1_f,677
R_PGSA161,1679
R_THRt4pp,1967
R_G6PDH2r_b,977
R_HISt2rpp_f,1167
R_AACPS8,125
R_CTECOAI8_f,520
R_FEENTERtpp,919
R_CYTDt2rpp_b,541
R_ACPPAT181,200
R_ACACT1r_b,134
R_IPDDI_b,1242
R_G1PTT,952
R_ECOAH7_f,689
R_GLYC3Pabcpp,1050
R_GLYALDtex_b,1044
R_PYK,1838
R_TALA_f,1941
R_S4FE4SR,1885
R_CU2tex_b,523
R_ADK3_f,221
R_URDGLYCD,2055
R_HACD4_b,1137
R_PYRt2rpp_b,1842
R_ACtex_b,208
R_KARA2_f,1256
R_ARGSL_b,364
R_CU2tex_f,524
R_ACONTb_b,190
R_DAPE_f,565
R_SUCBZL,1926
R_EAR160x,656
R_NDPK3_f,1491
R_ACOAD4f_b,174
R_KDOPS,1261
R_LPLIPAL2A180,1322
R_GSPMDS,1100
R_PGK_b,1647
R_ARBt3ipp,357
R_CAt6pp_f,419
R_AGM4PH,250
R_HACD8_b,1145
R_GLYCtpp_f,1075
R_ETHAAL,706
R_3OAR140_f,73
R_2AGPEAT181,35
R_EX_adn_LPAREN_e_RPAREN_,728
R_LCARS_f,1276
R_UMPK_b,2041
R_FORtppi,941
R_AP4AS,330
R_GLYt2rpp_b,1080
R_EDTXS2,695
R_ILETA_f,1221
R_INSt2rpp_f,1239
R_EX_lipa_cold_LPAREN_e_RPAREN_,803
R_NTPP1,1538
R_ZN2tpp,2094
R_CD2abcpp,428
R_PMANM_b,1737
R_LYSt2pp,1342
R_FE2tpp,891
R_RNTR4c2,1876
R_GMHEPAT,1085
R_PTRCtex_f,1818
R_THMDt2pp,1953
R_XANtpp_f,2083
R_PA120abcpp,1589
R_ASPK_f,385
R_PGSA120,1675
R_2AGPG140tipp,37
R_GLCabcpp,1014
R_GLUPRT,1031
R_GLYC3Ptex_f,1053
R_ACALDtpp_b,154
R_EX_ura_LPAREN_e_RPAREN_,838
R_HSK,1181
R_FE3HOXUtpp,896
R_UM4PL,2040
R_PTAr_f,1810
R_4PEPTabcpp,103
R_EX_xan_LPAREN_e_RPAREN_,842
R_PIt2rpp_b,1690
R_GLYCK2,1060
R_CPGNabcpp,497
R_PRAMPC,1775
R_PLIPA2E160pp,1726
R_PLIPA1A140pp,1696
R_EDD,693
R_EAR120y,649
R_ACACT3r_f,139
R_ECOAH2_b,678
R_2AGPE141tipp,24
R_PRAIi,1774
R_AMPN,320
R_MG2t3_2pp_b,1400
R_SHCHD2,1909
R_GLCTR1,1011
R_ILEt2rpp_b,1223
R_ALCD2x_b,301
R_FADRx,876
R_VALtex_b,2074
R_EAR140y,653
R_CYTK1_f,546
R_GUAt2pp,1118
R_GLCtexi,1019
R_FE2abcpp,886
R_MOBDabcpp,1444
R_CRNDt2rpp_f,505
R_FEOXAMabcpp,925
R_ICYSDS,1209
R_POX,1746
R_PSD140,1793
R_TTRCYCtpp,2004
R_FEENTERR1,912
R_GTPCI,1110
R_EX_fe2_LPAREN_e_RPAREN__f,764
R_OHPBAT_b,1564
R_ABUTtex_b,132
R_FADRx2,877
R_PMANM_f,1738
R_EX_co2_LPAREN_e_RPAREN__b,747
R_EX_kdo2lipid4_LPAREN_e_RPAREN_,798
R_HYPOE,1189
R_CLPNH141pp,453
R_CYTDtex_b,543
R_CLPNS181pp_b,470
R_DBTS,577
R_GAPD_b,982
R_HACD6_b,1141
R_GLYK,1076
R_PGPP141pp,1666
R_PLIPA1G120pp,1709
R_EAR40x,664
R_PLIPA2A161pp,1720
R_2AGPE140tipp,23
R_SADT2,1889
R_LCARR_b,1273
R_MAN1PT2,1360
R_NOVBCNtex_f,1520
R_HPYRRx,1177
R_CDAPPA161,435
R_GF6PTA,992
R_APH180,343
R_TRPS1,1993
R_ADCS,212
R_DHBD_f,591
R_PUNP2_b,1821
R_PHETA1_f,1685
R_PPM2_f,1762
R_ECOAH7_b,688
R_APRAUR,345
R_PLIPA2G180pp,1735
R_AMMQLT8,318
R_AGPAT141,260
R_PA161abcpp,1593
R_ACACT2r_f,137
R_EX_pyr_LPAREN_e_RPAREN_,826
R_PGPP181pp,1674
R_ADSS,240
R_MEOHtrpp_f,1392
R_MLTP2_b,1428
R_Ktex_f,1266
R_NTD8,1532
R_LPLIPAL1G140pp,1311
R_NAt3_1p5pp,1483
R_OHPBAT_f,1565
R_ASPabcpp,393
R_TYRL,2005
R_ASP1DC,382
R_G3PAT180,960
R_3HAD100,52
R_AGM3PH,244
R_CYTDtex_f,544
R_LPLIPAL2E120,1324
R_PIuabcpp,1694
R_FEOXAMUtpp,924
R_MCITL2_b,1362
R_FLVRx,933
R_UM4PCP,2039
R_PPK2r_b,1757
R_G6PP,979
R_CDAPPA140,432
R_CTBTabcpp,512
R_ASNS1,375
R_CBLAT_f,423
R_FLDR2,931
R_ACPPAT160,197
R_PGMT_f,1651
R_3OAS121,89
R_ADK1_b,218
R_DUTPDP,637
R_EX_acald_LPAREN_e_RPAREN_,724
R_LSERDHr_b,1338
R_ACPPAT140,195
R_ARBTNtex,351
R_EAR180x,660
R_GDPDPK,988
R_LPLIPAL2G120,1331
R_NADH10,1468
R_ALAR_b,286
R_TDPDRR,1946
R_VALt2rpp_f,2073
R_GLYC3Ptex_b,1052
R_PSD120,1792
R_LALGP,1271
R_5DGLCNR_f,107
R_CLPNS140pp_f,461
R_CMtex_b,476
R_EX_cobalt2_LPAREN_e_RPAREN__b,749
R_EX_mn2_LPAREN_e_RPAREN__b,809
R_XANtex_f,2081
R_P5CR,1588
R_PDX5PO2,1617
R_CTECOAI8_b,519
R_DB4PS,576
R_EX_thymd_LPAREN_e_RPAREN_,835
R_EX_mal_DASH_L_LPAREN_e_RPAREN_,805
R_ACOAD1f_f,169
R_ECOAH4_b,682
R_PAPA140pp,1600
R_ACt2rpp_f,206
R_UREAtex_f,2057
R_CLPNS140pp_b,460
R_METOX1s,1395
R_H2Otpp_f,1126
R_MLDCP1Bpp,1413
R_PHEt2rpp_b,1686
R_PLIPA2G160pp,1733
R_XANtpp_b,2082
R_LADGMDH,1268
R_2MAHMP,50
R_F6PA_f,849
R_EDTXS4,697
R_RNDR1,1865
R_SSALy,1925
R_LPLIPAL2A120,1317
R_PGP181abcpp,1660
R_HPYRI_b,1175
R_RNDR2b,1868
R_PG180abcpp,1640
R_FACOAL161t2pp,872
R_IPDDI_f,1243
R_RNDR4b,1872
R_TKT1_b,1974
R_EAR80x,668
R_FA160ACPHi,855
R_FA100ACPHi,851
R_AACPS6,123
R_AACPS7,124
R_LPLIPAL1G120pp,1310
R_BTS5,413
R_GLYt2pp,1079
R_ACACT6r_b,144
R_SEPHCHCS,1894
R_E4PD_f,645
R_MDDEP3pp,1377
R_MLTP3_b,1430
R_PPA,1747
R_LPLIPAL2G141,1333
R_ETOHtrpp_f,713
R_DAGK160,556
R_DHBD_b,590
R_ACOAD6f_b,178
R_EX_lac_DASH_D_LPAREN_e_RPAREN_,799
R_2AGPA141tipp,17
R_OXAMTC,1586
R_DHQTi,613
R_GTPDPK,1113
R_AACPS5,122
R_GGGABADr_b,993
R_NADH16pp,1469
R_SERAT_f,1898
R_I2FE2SR,1196
R_LEUtex_b,1287
R_XTSNt2rpp_b,2086
R_12PPDRtpp_b,9
R_ATPM,405
R_CITtex_f,449
R_GMHEPK,1086
R_HACD1_b,1131
R_MACPD,1352
R_NDPK4_f,1493
R_PGAMT_f,1643
R_MLDEP2pp,1418
R_ECAP1pp,672
R_LDH_D_b,1281
R_12DGR180tipp,5
R_ACt2rpp_b,205
R_CLPNS160pp_f,465
R_ALCD19_b,299
R_NAt3pp,1485
R_DHNCOAS,600
R_PAPA161,1605
R_NOVBCNtpp,1521
R_UMPK_f,2042
R_3AMACHYD,51
R_EAR140x,652
R_SUCCt2_2pp,1928
R_SUCCtex_f,1932
R_EX_glcn_LPAREN_e_RPAREN_,773
R_AGM4PA,246
R_NTP3,1536
R_CLPNH180pp,456
R_LPLIPAL1A160pp,1299
R_FACOAE160,862
R_NNATr_b,1516
R_PTPATi,1811
R_LIPOCT,1293
R_SUCCtex_b,1931
R_EX_alltn_LPAREN_e_RPAREN_,734
R_PRPPS_b,1788
R_EX_acolipa_LPAREN_e_RPAREN_,725
R_ECOAH1_b,676
R_NADH5,1472
R_A5PISO_f,117
R_GLYCAtex_f,1057
R_MLDEP1pp,1417
R_ALAALAtex_f,283
R_EX_cu2_LPAREN_e_RPAREN__b,753
R_OMPDC,1571
R_SUCOAS_f,1935
R_MALtex_f,1359
R_MGSA,1406
R_GALT1,980
R_NTD10,1523
R_ASPT,390
R_EX_so4_LPAREN_e_RPAREN__b,829
R_NADH9,1473
R_GLCDpp,1003
R_P5CD,1587
R_PTRCtex_b,1817
R_INDOLEt2rpp_b,1231
R_ENO_f,701
R_G5SD,975
R_INDOLEtex_f,1234
R_XANtex_b,2080
R_OMMBLHX,1569
R_GRXR,1097
R_GGPTRCO,996
R_3HAD120,53
R_FRD3,943
R_PA160abcpp,1592
R_COBALT2tpp,487
R_DCYTD,579
R_THRA2i,1958
R_EX_acser_LPAREN_e_RPAREN_,726
R_G3PGtex_b,971
R_HOMtex_b,1172
R_3HAD40,61
R_FECRMUtex,907
R_CYStex_f,532
R_ZNabcpp,2095
R_HACD8_f,1146
R_IDOND2,1210
R_FOMETRi,937
R_EX_LalaDgluMdapDala_LPAREN_e_RPAREN_,721
R_PE140abcpp,1622
R_AGPR_b,265
R_L_DASH_LACtex_f,1351
R_GLUDy_b,1028
R_ECA4OALpp,671
R_I4FE4SR,1200
R_PPBNGS,1751
R_CLPNS180pp_b,468
R_SERt4pp,1903
R_LPLIPAL2G161,1335
R_PROt2rpp_b,1783
R_AGMT,254
R_MOAT3C,1443
R_ARBt2rpp_b,355
R_HEPK1,1152
R_GAPD_f,983
R_ASPO4,387
R_HCO3E_b,1148
R_LPLIPAL1A120pp,1296
R_MEOHtex_f,1390
R_PItex_b,1692
R_PYDAMK,1834
R_3HAD160,57
R_ICHORT,1207
R_NTP5,1537
R_AACPS2,119
R_3HPPtex_f,65
R_ARBTNtonex,352
R_GSNK,1098
R_NDPK8_f,1501
R_NMNDA,1513
R_NMNAT,1512
R_RNDR3b,1870
R_MOBDtex_b,1445
R_PRPPS_f,1789
R_EX_12ppd_DASH_S_LPAREN_e_RPAREN_,715
R_EX_hxan_LPAREN_e_RPAREN_,791
R_OPMEACPS,1579
R_DHFR_b,596
R_PLIPA1E160pp,1705
R_GNK,1091
R_ASPt2rpp_b,397
R_EX_cbl1_LPAREN_e_RPAREN__f,742
R_LPLIPAL1E161pp,1307
